id,detailCode,duration,endTime,eventDescription,eventDetails,eventNumber,firstName,gameId,hexValue,lastName,period,playerId,shiftNumber,startTime,teamAbbrev,teamId,teamName,typeCode
13244643,0,00:30,00:30,,,7,Ryan,2023020001,#FFB81C,McDonagh,1,8474151,1,00:00,NSH,18,Nashville Predators,517
13244644,0,00:51,03:02,,,74,Ryan,2023020001,#FFB81C,McDonagh,1,8474151,2,02:11,NSH,18,Nashville Predators,517
13244645,0,00:44,04:34,,,92,Ryan,2023020001,#FFB81C,McDonagh,1,8474151,3,03:50,NSH,18,Nashville Predators,517
13244646,0,00:47,06:45,,,222,Ryan,2023020001,#FFB81C,McDonagh,1,8474151,4,05:58,NSH,18,Nashville Predators,517
13244647,0,00:41,09:00,,,250,Ryan,2023020001,#FFB81C,McDonagh,1,8474151,5,08:19,NSH,18,Nashville Predators,517
13244648,0,00:34,10:40,,,275,Ryan,2023020001,#FFB81C,McDonagh,1,8474151,6,10:06,NSH,18,Nashville Predators,517
13244821,0,01:00,15:02,,,367,Ryan,2023020001,#FFB81C,McDonagh,1,8474151,7,14:02,NSH,18,Nashville Predators,517
13244822,0,00:37,16:05,,,388,Ryan,2023020001,#FFB81C,McDonagh,1,8474151,8,15:28,NSH,18,Nashville Predators,517
13244823,0,00:46,19:08,,,466,Ryan,2023020001,#FFB81C,McDonagh,1,8474151,9,18:22,NSH,18,Nashville Predators,517
13244824,0,00:30,20:00,,,483,Ryan,2023020001,#FFB81C,McDonagh,1,8474151,10,19:30,NSH,18,Nashville Predators,517
13244825,0,00:55,00:55,,,489,Ryan,2023020001,#FFB81C,McDonagh,2,8474151,11,00:00,NSH,18,Nashville Predators,517
13244826,0,01:10,04:15,,,508,Ryan,2023020001,#FFB81C,McDonagh,2,8474151,12,03:05,NSH,18,Nashville Predators,517
13244827,0,00:42,06:02,,,533,Ryan,2023020001,#FFB81C,McDonagh,2,8474151,13,05:20,NSH,18,Nashville Predators,517
13244828,0,00:59,08:30,,,555,Ryan,2023020001,#FFB81C,McDonagh,2,8474151,14,07:31,NSH,18,Nashville Predators,517
13244829,0,00:51,12:45,,,604,Ryan,2023020001,#FFB81C,McDonagh,2,8474151,15,11:54,NSH,18,Nashville Predators,517
13244830,0,00:36,16:14,,,641,Ryan,2023020001,#FFB81C,McDonagh,2,8474151,16,15:38,NSH,18,Nashville Predators,517
13244831,0,01:01,17:51,,,702,Ryan,2023020001,#FFB81C,McDonagh,2,8474151,17,16:50,NSH,18,Nashville Predators,517
13244832,0,00:40,19:12,,,721,Ryan,2023020001,#FFB81C,McDonagh,2,8474151,18,18:32,NSH,18,Nashville Predators,517
13244833,0,00:40,00:40,,,739,Ryan,2023020001,#FFB81C,McDonagh,3,8474151,19,00:00,NSH,18,Nashville Predators,517
13244834,0,01:08,02:25,,,755,Ryan,2023020001,#FFB81C,McDonagh,3,8474151,20,01:17,NSH,18,Nashville Predators,517
13244835,0,01:12,05:20,,,779,Ryan,2023020001,#FFB81C,McDonagh,3,8474151,21,04:08,NSH,18,Nashville Predators,517
13244836,0,00:04,08:52,,,833,Ryan,2023020001,#FFB81C,McDonagh,3,8474151,22,08:48,NSH,18,Nashville Predators,517
13244837,0,00:08,09:20,,,837,Ryan,2023020001,#FFB81C,McDonagh,3,8474151,23,09:12,NSH,18,Nashville Predators,517
13244838,0,00:41,10:25,,,842,Ryan,2023020001,#FFB81C,McDonagh,3,8474151,24,09:44,NSH,18,Nashville Predators,517
13244839,0,01:16,12:28,,,1110,Ryan,2023020001,#FFB81C,McDonagh,3,8474151,25,11:12,NSH,18,Nashville Predators,517
13244840,0,00:54,15:03,,,1145,Ryan,2023020001,#FFB81C,McDonagh,3,8474151,26,14:09,NSH,18,Nashville Predators,517
13245335,0,00:51,17:02,,,1161,Ryan,2023020001,#FFB81C,McDonagh,3,8474151,27,16:11,NSH,18,Nashville Predators,517
13244649,0,00:55,01:28,,,57,Steven,2023020001,#00205B,Stamkos,1,8474564,1,00:33,TBL,14,Tampa Bay Lightning,517
13244650,0,00:55,04:54,,,99,Steven,2023020001,#00205B,Stamkos,1,8474564,2,03:59,TBL,14,Tampa Bay Lightning,517
13244651,0,01:14,08:17,,,234,Steven,2023020001,#00205B,Stamkos,1,8474564,3,07:03,TBL,14,Tampa Bay Lightning,517
13244652,0,00:28,09:48,,,265,Steven,2023020001,#00205B,Stamkos,1,8474564,4,09:20,TBL,14,Tampa Bay Lightning,517
13244653,0,00:30,11:10,,,282,Steven,2023020001,#00205B,Stamkos,1,8474564,5,10:40,TBL,14,Tampa Bay Lightning,517
13244841,0,01:27,15:29,,,368,Steven,2023020001,#00205B,Stamkos,1,8474564,6,14:02,TBL,14,Tampa Bay Lightning,517
13244842,0,01:03,17:36,,,399,Steven,2023020001,#00205B,Stamkos,1,8474564,7,16:33,TBL,14,Tampa Bay Lightning,517
13244843,0,00:31,20:00,,,481,Steven,2023020001,#00205B,Stamkos,1,8474564,8,19:29,TBL,14,Tampa Bay Lightning,517
13244844,0,01:49,01:49,,,488,Steven,2023020001,#00205B,Stamkos,2,8474564,9,00:00,TBL,14,Tampa Bay Lightning,517
13244845,0,01:16,06:02,,,529,Steven,2023020001,#00205B,Stamkos,2,8474564,10,04:46,TBL,14,Tampa Bay Lightning,517
13244846,0,00:29,10:04,,,577,Steven,2023020001,#00205B,Stamkos,2,8474564,11,09:35,TBL,14,Tampa Bay Lightning,517
13244847,0,01:14,13:18,,,606,Steven,2023020001,#00205B,Stamkos,2,8474564,12,12:04,TBL,14,Tampa Bay Lightning,517
13244848,0,00:17,17:51,,,710,Steven,2023020001,#00205B,Stamkos,2,8474564,13,17:34,TBL,14,Tampa Bay Lightning,517
13244849,0,01:03,19:33,,,720,Steven,2023020001,#00205B,Stamkos,2,8474564,14,18:30,TBL,14,Tampa Bay Lightning,517
13244850,0,00:40,00:40,,,738,Steven,2023020001,#00205B,Stamkos,3,8474564,15,00:00,TBL,14,Tampa Bay Lightning,517
13244851,0,01:08,02:25,,,754,Steven,2023020001,#00205B,Stamkos,3,8474564,16,01:17,TBL,14,Tampa Bay Lightning,517
13244852,0,00:27,04:54,,,783,Steven,2023020001,#00205B,Stamkos,3,8474564,17,04:27,TBL,14,Tampa Bay Lightning,517
13244853,0,00:37,07:06,,,808,Steven,2023020001,#00205B,Stamkos,3,8474564,18,06:29,TBL,14,Tampa Bay Lightning,517
13244854,0,01:08,10:52,,,841,Steven,2023020001,#00205B,Stamkos,3,8474564,19,09:44,TBL,14,Tampa Bay Lightning,517
13244855,0,01:15,12:27,,,1114,Steven,2023020001,#00205B,Stamkos,3,8474564,20,11:12,TBL,14,Tampa Bay Lightning,517
13244856,0,01:00,15:03,,,1144,Steven,2023020001,#00205B,Stamkos,3,8474564,21,14:03,TBL,14,Tampa Bay Lightning,517
13245336,0,00:57,19:24,,,1185,Steven,2023020001,#00205B,Stamkos,3,8474564,22,18:27,TBL,14,Tampa Bay Lightning,517
13244654,0,00:51,01:21,,,55,Luke,2023020001,#FFB81C,Schenn,1,8474568,1,00:30,NSH,18,Nashville Predators,517
13244655,0,00:48,03:50,,,84,Luke,2023020001,#FFB81C,Schenn,1,8474568,2,03:02,NSH,18,Nashville Predators,517
13244656,0,00:41,05:59,,,215,Luke,2023020001,#FFB81C,Schenn,1,8474568,3,05:18,NSH,18,Nashville Predators,517
13244657,0,00:51,08:19,,,241,Luke,2023020001,#FFB81C,Schenn,1,8474568,4,07:28,NSH,18,Nashville Predators,517
13244658,0,00:31,10:06,,,269,Luke,2023020001,#FFB81C,Schenn,1,8474568,5,09:35,NSH,18,Nashville Predators,517
13244659,0,00:55,11:35,,,281,Luke,2023020001,#FFB81C,Schenn,1,8474568,6,10:40,NSH,18,Nashville Predators,517
13244857,0,00:28,15:28,,,383,Luke,2023020001,#FFB81C,Schenn,1,8474568,7,15:00,NSH,18,Nashville Predators,517
13244858,0,00:34,17:48,,,453,Luke,2023020001,#FFB81C,Schenn,1,8474568,8,17:14,NSH,18,Nashville Predators,517
13244859,0,00:23,19:30,,,474,Luke,2023020001,#FFB81C,Schenn,1,8474568,9,19:07,NSH,18,Nashville Predators,517
13244860,0,00:37,01:32,,,492,Luke,2023020001,#FFB81C,Schenn,2,8474568,10,00:55,NSH,18,Nashville Predators,517
13244861,0,00:57,03:22,,,505,Luke,2023020001,#FFB81C,Schenn,2,8474568,11,02:25,NSH,18,Nashville Predators,517
13244862,0,00:34,05:20,,,528,Luke,2023020001,#FFB81C,Schenn,2,8474568,12,04:46,NSH,18,Nashville Predators,517
13244863,0,00:36,07:13,,,545,Luke,2023020001,#FFB81C,Schenn,2,8474568,13,06:37,NSH,18,Nashville Predators,517
13244864,0,00:50,10:04,,,572,Luke,2023020001,#FFB81C,Schenn,2,8474568,14,09:14,NSH,18,Nashville Predators,517
13244865,0,00:33,13:18,,,613,Luke,2023020001,#FFB81C,Schenn,2,8474568,15,12:45,NSH,18,Nashville Predators,517
13244866,0,00:38,16:51,,,648,Luke,2023020001,#FFB81C,Schenn,2,8474568,16,16:13,NSH,18,Nashville Predators,517
13244867,0,00:17,18:47,,,718,Luke,2023020001,#FFB81C,Schenn,2,8474568,17,18:30,NSH,18,Nashville Predators,517
13244868,0,00:21,19:33,,,727,Luke,2023020001,#FFB81C,Schenn,2,8474568,18,19:12,NSH,18,Nashville Predators,517
13244869,0,00:42,03:07,,,763,Luke,2023020001,#FFB81C,Schenn,3,8474568,19,02:25,NSH,18,Nashville Predators,517
13244870,0,00:52,06:11,,,789,Luke,2023020001,#FFB81C,Schenn,3,8474568,20,05:19,NSH,18,Nashville Predators,517
13244871,0,00:50,09:44,,,835,Luke,2023020001,#FFB81C,Schenn,3,8474568,21,08:54,NSH,18,Nashville Predators,517
13244872,0,00:28,10:52,,,850,Luke,2023020001,#FFB81C,Schenn,3,8474568,22,10:24,NSH,18,Nashville Predators,517
13244873,0,00:33,12:22,,,1116,Luke,2023020001,#FFB81C,Schenn,3,8474568,23,11:49,NSH,18,Nashville Predators,517
13244874,0,00:12,14:09,,,1140,Luke,2023020001,#FFB81C,Schenn,3,8474568,24,13:57,NSH,18,Nashville Predators,517
13245337,0,00:09,15:03,,,1148,Luke,2023020001,#FFB81C,Schenn,3,8474568,25,14:54,NSH,18,Nashville Predators,517
13244660,0,00:54,01:22,,,54,Roman,2023020001,#FFB81C,Josi,1,8474600,1,00:28,NSH,18,Nashville Predators,517
13244661,0,00:51,03:51,,,83,Roman,2023020001,#FFB81C,Josi,1,8474600,2,03:00,NSH,18,Nashville Predators,517
13244662,0,00:42,05:58,,,214,Roman,2023020001,#FFB81C,Josi,1,8474600,3,05:16,NSH,18,Nashville Predators,517
13244663,0,01:00,08:20,,,240,Roman,2023020001,#FFB81C,Josi,1,8474600,4,07:20,NSH,18,Nashville Predators,517
13244664,0,00:32,10:06,,,268,Roman,2023020001,#FFB81C,Josi,1,8474600,5,09:34,NSH,18,Nashville Predators,517
13244665,0,00:55,11:35,,,281,Roman,2023020001,#FFB81C,Josi,1,8474600,6,10:40,NSH,18,Nashville Predators,517
13244666,0,00:58,13:03,,,295,Roman,2023020001,#FFB81C,Josi,1,8474600,7,12:05,NSH,18,Nashville Predators,517
13244875,0,01:17,17:21,,,393,Roman,2023020001,#FFB81C,Josi,1,8474600,8,16:04,NSH,18,Nashville Predators,517
13244876,0,00:26,19:30,,,473,Roman,2023020001,#FFB81C,Josi,1,8474600,9,19:04,NSH,18,Nashville Predators,517
13244877,0,00:55,02:25,,,494,Roman,2023020001,#FFB81C,Josi,2,8474600,10,01:30,NSH,18,Nashville Predators,517
13244878,0,00:33,05:19,,,528,Roman,2023020001,#FFB81C,Josi,2,8474600,11,04:46,NSH,18,Nashville Predators,517
13244879,0,00:46,06:48,,,540,Roman,2023020001,#FFB81C,Josi,2,8474600,12,06:02,NSH,18,Nashville Predators,517
13244880,0,01:08,09:09,,,562,Roman,2023020001,#FFB81C,Josi,2,8474600,13,08:01,NSH,18,Nashville Predators,517
13244881,0,01:56,11:54,,,580,Roman,2023020001,#FFB81C,Josi,2,8474600,14,09:58,NSH,18,Nashville Predators,517
13244882,0,02:20,15:38,,,624,Roman,2023020001,#FFB81C,Josi,2,8474600,15,13:18,NSH,18,Nashville Predators,517
13244883,0,00:39,18:30,,,715,Roman,2023020001,#FFB81C,Josi,2,8474600,16,17:51,NSH,18,Nashville Predators,517
13244884,0,00:27,20:00,,,736,Roman,2023020001,#FFB81C,Josi,2,8474600,17,19:33,NSH,18,Nashville Predators,517
13244885,0,00:37,01:17,,,745,Roman,2023020001,#FFB81C,Josi,3,8474600,18,00:40,NSH,18,Nashville Predators,517
13244886,0,01:01,04:08,,,771,Roman,2023020001,#FFB81C,Josi,3,8474600,19,03:07,NSH,18,Nashville Predators,517
13244887,0,00:27,06:29,,,799,Roman,2023020001,#FFB81C,Josi,3,8474600,20,06:02,NSH,18,Nashville Predators,517
13244888,0,01:19,08:25,,,817,Roman,2023020001,#FFB81C,Josi,3,8474600,21,07:06,NSH,18,Nashville Predators,517
13244889,0,00:47,11:12,,,1101,Roman,2023020001,#FFB81C,Josi,3,8474600,22,10:25,NSH,18,Nashville Predators,517
13244890,0,01:00,14:09,,,1129,Roman,2023020001,#FFB81C,Josi,3,8474600,23,13:09,NSH,18,Nashville Predators,517
13245338,0,01:08,16:11,,,1151,Roman,2023020001,#FFB81C,Josi,3,8474600,24,15:03,NSH,18,Nashville Predators,517
13245339,0,02:59,19:58,,,1171,Roman,2023020001,#FFB81C,Josi,3,8474600,25,16:59,NSH,18,Nashville Predators,517
13244667,0,00:46,02:10,,,67,Gustav,2023020001,#FFB81C,Nyquist,1,8474679,1,01:24,NSH,18,Nashville Predators,517
13244668,0,00:24,05:21,,,212,Gustav,2023020001,#FFB81C,Nyquist,1,8474679,2,04:57,NSH,18,Nashville Predators,517
13244669,0,00:46,08:23,,,244,Gustav,2023020001,#FFB81C,Nyquist,1,8474679,3,07:37,NSH,18,Nashville Predators,517
13244670,0,00:39,11:19,,,281,Gustav,2023020001,#FFB81C,Nyquist,1,8474679,4,10:40,NSH,18,Nashville Predators,517
13244891,0,01:14,14:03,,,352,Gustav,2023020001,#FFB81C,Nyquist,1,8474679,5,12:49,NSH,18,Nashville Predators,517
13244892,0,00:27,15:29,,,384,Gustav,2023020001,#FFB81C,Nyquist,1,8474679,6,15:02,NSH,18,Nashville Predators,517
13244893,0,01:16,19:08,,,462,Gustav,2023020001,#FFB81C,Nyquist,1,8474679,7,17:52,NSH,18,Nashville Predators,517
13244894,0,00:53,02:25,,,497,Gustav,2023020001,#FFB81C,Nyquist,2,8474679,8,01:32,NSH,18,Nashville Predators,517
13244895,0,00:35,05:21,,,528,Gustav,2023020001,#FFB81C,Nyquist,2,8474679,9,04:46,NSH,18,Nashville Predators,517
13244896,0,00:53,07:41,,,547,Gustav,2023020001,#FFB81C,Nyquist,2,8474679,10,06:48,NSH,18,Nashville Predators,517
13244897,0,00:53,12:44,,,602,Gustav,2023020001,#FFB81C,Nyquist,2,8474679,11,11:51,NSH,18,Nashville Predators,517
13244898,0,00:50,17:51,,,705,Gustav,2023020001,#FFB81C,Nyquist,2,8474679,12,17:01,NSH,18,Nashville Predators,517
13244899,0,00:43,19:13,,,718,Gustav,2023020001,#FFB81C,Nyquist,2,8474679,13,18:30,NSH,18,Nashville Predators,517
13244900,0,00:17,01:17,,,750,Gustav,2023020001,#FFB81C,Nyquist,3,8474679,14,01:00,NSH,18,Nashville Predators,517
13244901,0,00:31,03:34,,,769,Gustav,2023020001,#FFB81C,Nyquist,3,8474679,15,03:03,NSH,18,Nashville Predators,517
13244902,0,00:47,07:06,,,802,Gustav,2023020001,#FFB81C,Nyquist,3,8474679,16,06:19,NSH,18,Nashville Predators,517
13244903,0,00:24,08:48,,,826,Gustav,2023020001,#FFB81C,Nyquist,3,8474679,17,08:24,NSH,18,Nashville Predators,517
13244904,0,00:40,10:24,,,842,Gustav,2023020001,#FFB81C,Nyquist,3,8474679,18,09:44,NSH,18,Nashville Predators,517
13245340,0,01:08,16:11,,,1151,Gustav,2023020001,#FFB81C,Nyquist,3,8474679,19,15:03,NSH,18,Nashville Predators,517
13245341,0,00:47,18:22,,,1177,Gustav,2023020001,#FFB81C,Nyquist,3,8474679,20,17:35,NSH,18,Nashville Predators,517
13244671,0,00:35,00:35,,,7,Ryan,2023020001,#FFB81C,O'Reilly,1,8475158,1,00:00,NSH,18,Nashville Predators,517
13244672,0,00:48,03:50,,,84,Ryan,2023020001,#FFB81C,O'Reilly,1,8475158,2,03:02,NSH,18,Nashville Predators,517
13244673,0,00:55,07:04,,,226,Ryan,2023020001,#FFB81C,O'Reilly,1,8475158,3,06:09,NSH,18,Nashville Predators,517
13244674,0,00:50,10:06,,,263,Ryan,2023020001,#FFB81C,O'Reilly,1,8475158,4,09:16,NSH,18,Nashville Predators,517
13244675,0,01:14,12:49,,,291,Ryan,2023020001,#FFB81C,O'Reilly,1,8475158,5,11:35,NSH,18,Nashville Predators,517
13244905,0,00:42,15:00,,,375,Ryan,2023020001,#FFB81C,O'Reilly,1,8475158,6,14:18,NSH,18,Nashville Predators,517
13244906,0,01:27,17:16,,,392,Ryan,2023020001,#FFB81C,O'Reilly,1,8475158,7,15:49,NSH,18,Nashville Predators,517
13244907,0,00:22,19:30,,,475,Ryan,2023020001,#FFB81C,O'Reilly,1,8475158,8,19:08,NSH,18,Nashville Predators,517
13245327,805,,16:15,EVG,"Filip Forsberg, Ryan McDonagh",165,Ryan,2023020001,#FFB81C,O'Reilly,2,8475158,0,16:15,NSH,18,Nashville Predators,505
13244908,0,00:37,01:32,,,492,Ryan,2023020001,#FFB81C,O'Reilly,2,8475158,9,00:55,NSH,18,Nashville Predators,517
13244909,0,00:55,04:15,,,513,Ryan,2023020001,#FFB81C,O'Reilly,2,8475158,10,03:20,NSH,18,Nashville Predators,517
13244910,0,01:00,08:38,,,556,Ryan,2023020001,#FFB81C,O'Reilly,2,8475158,11,07:38,NSH,18,Nashville Predators,517
13244911,0,01:58,11:52,,,579,Ryan,2023020001,#FFB81C,O'Reilly,2,8475158,12,09:54,NSH,18,Nashville Predators,517
13244912,0,01:21,14:39,,,624,Ryan,2023020001,#FFB81C,O'Reilly,2,8475158,13,13:18,NSH,18,Nashville Predators,517
13244913,0,00:30,16:15,,,645,Ryan,2023020001,#FFB81C,O'Reilly,2,8475158,14,15:45,NSH,18,Nashville Predators,517
13244914,0,00:48,19:18,,,718,Ryan,2023020001,#FFB81C,O'Reilly,2,8475158,15,18:30,NSH,18,Nashville Predators,517
13244915,0,00:40,00:40,,,739,Ryan,2023020001,#FFB81C,O'Reilly,3,8475158,16,00:00,NSH,18,Nashville Predators,517
13244916,0,00:34,02:59,,,763,Ryan,2023020001,#FFB81C,O'Reilly,3,8475158,17,02:25,NSH,18,Nashville Predators,517
13244917,0,01:00,05:24,,,782,Ryan,2023020001,#FFB81C,O'Reilly,3,8475158,18,04:24,NSH,18,Nashville Predators,517
13244918,0,01:17,08:23,,,817,Ryan,2023020001,#FFB81C,O'Reilly,3,8475158,19,07:06,NSH,18,Nashville Predators,517
13244919,0,00:12,09:56,,,842,Ryan,2023020001,#FFB81C,O'Reilly,3,8475158,20,09:44,NSH,18,Nashville Predators,517
13244920,0,00:40,11:52,,,1110,Ryan,2023020001,#FFB81C,O'Reilly,3,8475158,21,11:12,NSH,18,Nashville Predators,517
13245342,0,00:38,15:41,,,1151,Ryan,2023020001,#FFB81C,O'Reilly,3,8475158,22,15:03,NSH,18,Nashville Predators,517
13245343,0,02:56,19:58,,,1172,Ryan,2023020001,#FFB81C,O'Reilly,3,8475158,23,17:02,NSH,18,Nashville Predators,517
13244676,0,00:41,00:41,,,6,Victor,2023020001,#00205B,Hedman,1,8475167,1,00:00,TBL,14,Tampa Bay Lightning,517
13244677,0,00:56,03:14,,,77,Victor,2023020001,#00205B,Hedman,1,8475167,2,02:18,TBL,14,Tampa Bay Lightning,517
13244678,0,00:40,05:25,,,209,Victor,2023020001,#00205B,Hedman,1,8475167,3,04:45,TBL,14,Tampa Bay Lightning,517
13244679,0,00:45,07:48,,,234,Victor,2023020001,#00205B,Hedman,1,8475167,4,07:03,TBL,14,Tampa Bay Lightning,517
13244680,0,00:28,09:48,,,265,Victor,2023020001,#00205B,Hedman,1,8475167,5,09:20,TBL,14,Tampa Bay Lightning,517
13244681,0,00:55,12:05,,,287,Victor,2023020001,#00205B,Hedman,1,8475167,6,11:10,TBL,14,Tampa Bay Lightning,517
13244921,0,00:36,13:23,,,353,Victor,2023020001,#00205B,Hedman,1,8475167,7,12:47,TBL,14,Tampa Bay Lightning,517
13244922,0,01:07,15:21,,,372,Victor,2023020001,#00205B,Hedman,1,8475167,8,14:14,TBL,14,Tampa Bay Lightning,517
13244923,0,00:45,17:18,,,399,Victor,2023020001,#00205B,Hedman,1,8475167,9,16:33,TBL,14,Tampa Bay Lightning,517
13244924,0,00:37,20:00,,,478,Victor,2023020001,#00205B,Hedman,1,8475167,10,19:23,TBL,14,Tampa Bay Lightning,517
13244925,0,02:06,02:06,,,488,Victor,2023020001,#00205B,Hedman,2,8475167,11,00:00,TBL,14,Tampa Bay Lightning,517
13244926,0,00:40,04:46,,,518,Victor,2023020001,#00205B,Hedman,2,8475167,12,04:06,TBL,14,Tampa Bay Lightning,517
13244927,0,00:59,07:52,,,550,Victor,2023020001,#00205B,Hedman,2,8475167,13,06:53,TBL,14,Tampa Bay Lightning,517
13244928,0,01:07,11:48,,,589,Victor,2023020001,#00205B,Hedman,2,8475167,14,10:41,TBL,14,Tampa Bay Lightning,517
13244929,0,01:59,15:17,,,620,Victor,2023020001,#00205B,Hedman,2,8475167,15,13:18,TBL,14,Tampa Bay Lightning,517
13244930,0,00:30,16:15,,,644,Victor,2023020001,#00205B,Hedman,2,8475167,16,15:45,TBL,14,Tampa Bay Lightning,517
13244931,0,00:39,18:30,,,716,Victor,2023020001,#00205B,Hedman,2,8475167,17,17:51,TBL,14,Tampa Bay Lightning,517
13244932,0,00:39,20:00,,,731,Victor,2023020001,#00205B,Hedman,2,8475167,18,19:21,TBL,14,Tampa Bay Lightning,517
13244933,0,00:40,00:40,,,738,Victor,2023020001,#00205B,Hedman,3,8475167,19,00:00,TBL,14,Tampa Bay Lightning,517
13244934,0,01:08,02:25,,,754,Victor,2023020001,#00205B,Hedman,3,8475167,20,01:17,TBL,14,Tampa Bay Lightning,517
13244935,0,00:56,04:54,,,777,Victor,2023020001,#00205B,Hedman,3,8475167,21,03:58,TBL,14,Tampa Bay Lightning,517
13244936,0,00:48,07:06,,,803,Victor,2023020001,#00205B,Hedman,3,8475167,22,06:18,TBL,14,Tampa Bay Lightning,517
13244937,0,02:07,10:29,,,824,Victor,2023020001,#00205B,Hedman,3,8475167,23,08:22,TBL,14,Tampa Bay Lightning,517
13244938,0,01:30,12:42,,,1114,Victor,2023020001,#00205B,Hedman,3,8475167,24,11:12,TBL,14,Tampa Bay Lightning,517
13245344,0,01:13,15:36,,,1147,Victor,2023020001,#00205B,Hedman,3,8475167,25,14:23,TBL,14,Tampa Bay Lightning,517
13245345,0,02:24,19:24,,,1168,Victor,2023020001,#00205B,Hedman,3,8475167,26,17:00,TBL,14,Tampa Bay Lightning,517
13244682,0,00:50,02:18,,,69,Calvin,2023020001,#00205B,de Haan,1,8475177,1,01:28,TBL,14,Tampa Bay Lightning,517
13244683,0,00:41,03:55,,,91,Calvin,2023020001,#00205B,de Haan,1,8475177,2,03:14,TBL,14,Tampa Bay Lightning,517
13244684,0,00:46,06:11,,,217,Calvin,2023020001,#00205B,de Haan,1,8475177,3,05:25,TBL,14,Tampa Bay Lightning,517
13244685,0,00:49,08:37,,,246,Calvin,2023020001,#00205B,de Haan,1,8475177,4,07:48,TBL,14,Tampa Bay Lightning,517
13244686,0,00:34,10:40,,,276,Calvin,2023020001,#00205B,de Haan,1,8475177,5,10:06,TBL,14,Tampa Bay Lightning,517
13244939,0,00:39,13:25,,,351,Calvin,2023020001,#00205B,de Haan,1,8475177,6,12:46,TBL,14,Tampa Bay Lightning,517
13244940,0,00:41,17:59,,,456,Calvin,2023020001,#00205B,de Haan,1,8475177,7,17:18,TBL,14,Tampa Bay Lightning,517
13244941,0,01:01,04:10,,,509,Calvin,2023020001,#00205B,de Haan,2,8475177,8,03:09,TBL,14,Tampa Bay Lightning,517
13244942,0,01:01,06:54,,,537,Calvin,2023020001,#00205B,de Haan,2,8475177,9,05:53,TBL,14,Tampa Bay Lightning,517
13244943,0,00:58,08:50,,,560,Calvin,2023020001,#00205B,de Haan,2,8475177,10,07:52,TBL,14,Tampa Bay Lightning,517
13244944,0,01:04,11:44,,,588,Calvin,2023020001,#00205B,de Haan,2,8475177,11,10:40,TBL,14,Tampa Bay Lightning,517
13244945,0,01:09,15:45,,,633,Calvin,2023020001,#00205B,de Haan,2,8475177,12,14:36,TBL,14,Tampa Bay Lightning,517
13244946,0,00:48,17:03,,,647,Calvin,2023020001,#00205B,de Haan,2,8475177,13,16:15,TBL,14,Tampa Bay Lightning,517
13244947,0,00:42,03:07,,,764,Calvin,2023020001,#00205B,de Haan,3,8475177,14,02:25,TBL,14,Tampa Bay Lightning,517
13244948,0,00:33,05:27,,,787,Calvin,2023020001,#00205B,de Haan,3,8475177,15,04:54,TBL,14,Tampa Bay Lightning,517
13244949,0,00:27,08:48,,,823,Calvin,2023020001,#00205B,de Haan,3,8475177,16,08:21,TBL,14,Tampa Bay Lightning,517
13244950,0,00:58,14:23,,,1136,Calvin,2023020001,#00205B,de Haan,3,8475177,17,13:25,TBL,14,Tampa Bay Lightning,517
13244687,0,00:52,02:13,,,65,Tyson,2023020001,#FFB81C,Barrie,1,8475197,1,01:21,NSH,18,Nashville Predators,517
13244688,0,00:42,05:16,,,204,Tyson,2023020001,#FFB81C,Barrie,1,8475197,2,04:34,NSH,18,Nashville Predators,517
13244689,0,00:36,07:20,,,231,Tyson,2023020001,#FFB81C,Barrie,1,8475197,3,06:44,NSH,18,Nashville Predators,517
13244690,0,00:34,09:34,,,262,Tyson,2023020001,#FFB81C,Barrie,1,8475197,4,09:00,NSH,18,Nashville Predators,517
13244691,0,00:30,12:05,,,291,Tyson,2023020001,#FFB81C,Barrie,1,8475197,5,11:35,NSH,18,Nashville Predators,517
13244951,0,00:45,13:48,,,357,Tyson,2023020001,#FFB81C,Barrie,1,8475197,6,13:03,NSH,18,Nashville Predators,517
13244952,0,01:09,17:14,,,394,Tyson,2023020001,#FFB81C,Barrie,1,8475197,7,16:05,NSH,18,Nashville Predators,517
13244953,0,00:39,19:04,,,469,Tyson,2023020001,#FFB81C,Barrie,1,8475197,8,18:25,NSH,18,Nashville Predators,517
13244954,0,00:53,02:25,,,497,Tyson,2023020001,#FFB81C,Barrie,2,8475197,9,01:32,NSH,18,Nashville Predators,517
13244955,0,00:32,04:46,,,523,Tyson,2023020001,#FFB81C,Barrie,2,8475197,10,04:14,NSH,18,Nashville Predators,517
13244956,0,00:35,06:37,,,540,Tyson,2023020001,#FFB81C,Barrie,2,8475197,11,06:02,NSH,18,Nashville Predators,517
13244957,0,00:45,09:14,,,565,Tyson,2023020001,#FFB81C,Barrie,2,8475197,12,08:29,NSH,18,Nashville Predators,517
13244958,0,00:54,11:58,,,593,Tyson,2023020001,#FFB81C,Barrie,2,8475197,13,11:04,NSH,18,Nashville Predators,517
13244959,0,02:09,15:27,,,624,Tyson,2023020001,#FFB81C,Barrie,2,8475197,14,13:18,NSH,18,Nashville Predators,517
13244960,0,00:39,18:30,,,715,Tyson,2023020001,#FFB81C,Barrie,2,8475197,15,17:51,NSH,18,Nashville Predators,517
13244961,0,00:27,20:00,,,736,Tyson,2023020001,#FFB81C,Barrie,2,8475197,16,19:33,NSH,18,Nashville Predators,517
13244962,0,00:37,01:17,,,745,Tyson,2023020001,#FFB81C,Barrie,3,8475197,17,00:40,NSH,18,Nashville Predators,517
13244963,0,00:57,04:04,,,771,Tyson,2023020001,#FFB81C,Barrie,3,8475197,18,03:07,NSH,18,Nashville Predators,517
13244964,0,00:39,06:50,,,801,Tyson,2023020001,#FFB81C,Barrie,3,8475197,19,06:11,NSH,18,Nashville Predators,517
13244965,0,01:22,08:28,,,817,Tyson,2023020001,#FFB81C,Barrie,3,8475197,20,07:06,NSH,18,Nashville Predators,517
13244966,0,00:20,11:12,,,1105,Tyson,2023020001,#FFB81C,Barrie,3,8475197,21,10:52,NSH,18,Nashville Predators,517
13244967,0,00:47,13:57,,,1131,Tyson,2023020001,#FFB81C,Barrie,3,8475197,22,13:10,NSH,18,Nashville Predators,517
13245346,0,01:08,16:11,,,1151,Tyson,2023020001,#FFB81C,Barrie,3,8475197,23,15:03,NSH,18,Nashville Predators,517
13245347,0,02:47,19:58,,,1174,Tyson,2023020001,#FFB81C,Barrie,3,8475197,24,17:11,NSH,18,Nashville Predators,517
13245328,801,,09:48,EVG,"Victor Hedman, Brayden Point",154,Nikita,2023020001,#00205B,Kucherov,1,8476453,0,09:48,TBL,14,Tampa Bay Lightning,505
13244692,0,00:51,01:23,,,56,Nikita,2023020001,#00205B,Kucherov,1,8476453,1,00:32,TBL,14,Tampa Bay Lightning,517
13244693,0,00:39,04:39,,,100,Nikita,2023020001,#00205B,Kucherov,1,8476453,2,04:00,TBL,14,Tampa Bay Lightning,517
13244694,0,00:53,07:57,,,236,Nikita,2023020001,#00205B,Kucherov,1,8476453,3,07:04,TBL,14,Tampa Bay Lightning,517
13244695,0,00:28,09:48,,,265,Nikita,2023020001,#00205B,Kucherov,1,8476453,4,09:20,TBL,14,Tampa Bay Lightning,517
13244696,0,00:30,11:10,,,282,Nikita,2023020001,#00205B,Kucherov,1,8476453,5,10:40,TBL,14,Tampa Bay Lightning,517
13244968,0,01:16,15:30,,,372,Nikita,2023020001,#00205B,Kucherov,1,8476453,6,14:14,TBL,14,Tampa Bay Lightning,517
13244969,0,01:07,17:40,,,399,Nikita,2023020001,#00205B,Kucherov,1,8476453,7,16:33,TBL,14,Tampa Bay Lightning,517
13244970,0,00:30,20:00,,,482,Nikita,2023020001,#00205B,Kucherov,1,8476453,8,19:30,TBL,14,Tampa Bay Lightning,517
13244971,0,02:25,02:25,,,488,Nikita,2023020001,#00205B,Kucherov,2,8476453,9,00:00,TBL,14,Tampa Bay Lightning,517
13244972,0,01:07,05:53,,,529,Nikita,2023020001,#00205B,Kucherov,2,8476453,10,04:46,TBL,14,Tampa Bay Lightning,517
13244973,0,00:32,10:04,,,576,Nikita,2023020001,#00205B,Kucherov,2,8476453,11,09:32,TBL,14,Tampa Bay Lightning,517
13244974,0,00:48,13:18,,,610,Nikita,2023020001,#00205B,Kucherov,2,8476453,12,12:30,TBL,14,Tampa Bay Lightning,517
13244975,0,00:48,17:51,,,707,Nikita,2023020001,#00205B,Kucherov,2,8476453,13,17:03,TBL,14,Tampa Bay Lightning,517
13244976,0,00:58,19:28,,,720,Nikita,2023020001,#00205B,Kucherov,2,8476453,14,18:30,TBL,14,Tampa Bay Lightning,517
13245329,803,,19:58,EN,Nicholas Paul,179,Nikita,2023020001,#00205B,Kucherov,3,8476453,0,19:58,TBL,14,Tampa Bay Lightning,505
13244977,0,00:40,00:40,,,738,Nikita,2023020001,#00205B,Kucherov,3,8476453,15,00:00,TBL,14,Tampa Bay Lightning,517
13244978,0,01:08,02:25,,,754,Nikita,2023020001,#00205B,Kucherov,3,8476453,16,01:17,TBL,14,Tampa Bay Lightning,517
13244979,0,00:27,03:34,,,772,Nikita,2023020001,#00205B,Kucherov,3,8476453,17,03:07,TBL,14,Tampa Bay Lightning,517
13244980,0,00:28,04:54,,,781,Nikita,2023020001,#00205B,Kucherov,3,8476453,18,04:26,TBL,14,Tampa Bay Lightning,517
13244981,0,00:37,07:06,,,808,Nikita,2023020001,#00205B,Kucherov,3,8476453,19,06:29,TBL,14,Tampa Bay Lightning,517
13244982,0,01:08,10:52,,,841,Nikita,2023020001,#00205B,Kucherov,3,8476453,20,09:44,TBL,14,Tampa Bay Lightning,517
13244983,0,01:19,12:31,,,1114,Nikita,2023020001,#00205B,Kucherov,3,8476453,21,11:12,TBL,14,Tampa Bay Lightning,517
13245348,0,00:41,15:03,,,1146,Nikita,2023020001,#00205B,Kucherov,3,8476453,22,14:22,TBL,14,Tampa Bay Lightning,517
13245349,0,01:25,18:27,,,1170,Nikita,2023020001,#00205B,Kucherov,3,8476453,23,17:02,TBL,14,Tampa Bay Lightning,517
13245350,0,00:34,19:58,,,1192,Nikita,2023020001,#00205B,Kucherov,3,8476453,24,19:24,TBL,14,Tampa Bay Lightning,517
13244697,0,00:56,02:24,,,69,Luke,2023020001,#00205B,Glendening,1,8476822,1,01:28,TBL,14,Tampa Bay Lightning,517
13244698,0,00:33,05:25,,,210,Luke,2023020001,#00205B,Glendening,1,8476822,2,04:52,TBL,14,Tampa Bay Lightning,517
13244699,0,00:41,08:35,,,247,Luke,2023020001,#00205B,Glendening,1,8476822,3,07:54,TBL,14,Tampa Bay Lightning,517
13244700,0,00:34,10:40,,,276,Luke,2023020001,#00205B,Glendening,1,8476822,4,10:06,TBL,14,Tampa Bay Lightning,517
13244701,0,00:26,12:31,,,296,Luke,2023020001,#00205B,Glendening,1,8476822,5,12:05,TBL,14,Tampa Bay Lightning,517
13244984,0,00:35,14:02,,,362,Luke,2023020001,#00205B,Glendening,1,8476822,6,13:27,TBL,14,Tampa Bay Lightning,517
13244985,0,01:00,19:27,,,470,Luke,2023020001,#00205B,Glendening,1,8476822,7,18:27,TBL,14,Tampa Bay Lightning,517
13244986,0,00:36,04:46,,,519,Luke,2023020001,#00205B,Glendening,2,8476822,8,04:10,TBL,14,Tampa Bay Lightning,517
13244987,0,00:46,07:40,,,551,Luke,2023020001,#00205B,Glendening,2,8476822,9,06:54,TBL,14,Tampa Bay Lightning,517
13244988,0,00:36,10:40,,,582,Luke,2023020001,#00205B,Glendening,2,8476822,10,10:04,TBL,14,Tampa Bay Lightning,517
13244989,0,00:39,12:26,,,600,Luke,2023020001,#00205B,Glendening,2,8476822,11,11:47,TBL,14,Tampa Bay Lightning,517
13244990,0,00:38,13:56,,,620,Luke,2023020001,#00205B,Glendening,2,8476822,12,13:18,TBL,14,Tampa Bay Lightning,517
13244991,0,00:39,18:30,,,716,Luke,2023020001,#00205B,Glendening,2,8476822,13,17:51,TBL,14,Tampa Bay Lightning,517
13244992,0,00:27,20:00,,,735,Luke,2023020001,#00205B,Glendening,2,8476822,14,19:33,TBL,14,Tampa Bay Lightning,517
13244993,0,00:17,01:17,,,751,Luke,2023020001,#00205B,Glendening,3,8476822,15,01:00,TBL,14,Tampa Bay Lightning,517
13244994,0,00:42,04:16,,,775,Luke,2023020001,#00205B,Glendening,3,8476822,16,03:34,TBL,14,Tampa Bay Lightning,517
13244995,0,00:27,06:29,,,795,Luke,2023020001,#00205B,Glendening,3,8476822,17,06:02,TBL,14,Tampa Bay Lightning,517
13244996,0,00:29,07:35,,,813,Luke,2023020001,#00205B,Glendening,3,8476822,18,07:06,TBL,14,Tampa Bay Lightning,517
13244997,0,00:50,09:12,,,824,Luke,2023020001,#00205B,Glendening,3,8476822,19,08:22,TBL,14,Tampa Bay Lightning,517
13244998,0,00:38,14:00,,,1135,Luke,2023020001,#00205B,Glendening,3,8476822,20,13:22,TBL,14,Tampa Bay Lightning,517
13245351,0,00:33,15:36,,,1150,Luke,2023020001,#00205B,Glendening,3,8476822,21,15:03,TBL,14,Tampa Bay Lightning,517
13245352,0,00:57,19:24,,,1185,Luke,2023020001,#00205B,Glendening,3,8476822,22,18:27,TBL,14,Tampa Bay Lightning,517
13245353,0,00:02,20:00,,,1198,Luke,2023020001,#00205B,Glendening,3,8476822,23,19:58,TBL,14,Tampa Bay Lightning,517
13244702,0,00:32,00:32,,,7,Filip,2023020001,#FFB81C,Forsberg,1,8476887,1,00:00,NSH,18,Nashville Predators,517
13244703,0,00:52,03:57,,,87,Filip,2023020001,#FFB81C,Forsberg,1,8476887,2,03:05,NSH,18,Nashville Predators,517
13244704,0,00:53,07:05,,,227,Filip,2023020001,#FFB81C,Forsberg,1,8476887,3,06:12,NSH,18,Nashville Predators,517
13244705,0,00:31,10:06,,,269,Filip,2023020001,#FFB81C,Forsberg,1,8476887,4,09:35,NSH,18,Nashville Predators,517
13244706,0,01:20,12:55,,,291,Filip,2023020001,#FFB81C,Forsberg,1,8476887,5,11:35,NSH,18,Nashville Predators,517
13244999,0,00:37,17:52,,,454,Filip,2023020001,#FFB81C,Forsberg,1,8476887,6,17:15,NSH,18,Nashville Predators,517
13245000,0,00:22,19:30,,,476,Filip,2023020001,#FFB81C,Forsberg,1,8476887,7,19:08,NSH,18,Nashville Predators,517
13245001,0,00:53,02:25,,,497,Filip,2023020001,#FFB81C,Forsberg,2,8476887,8,01:32,NSH,18,Nashville Predators,517
13245002,0,00:42,04:06,,,515,Filip,2023020001,#FFB81C,Forsberg,2,8476887,9,03:24,NSH,18,Nashville Predators,517
13245003,0,00:36,06:38,,,540,Filip,2023020001,#FFB81C,Forsberg,2,8476887,10,06:02,NSH,18,Nashville Predators,517
13245004,0,00:48,08:29,,,558,Filip,2023020001,#FFB81C,Forsberg,2,8476887,11,07:41,NSH,18,Nashville Predators,517
13245005,0,01:41,11:45,,,583,Filip,2023020001,#FFB81C,Forsberg,2,8476887,12,10:04,NSH,18,Nashville Predators,517
13245006,0,02:04,15:11,,,616,Filip,2023020001,#FFB81C,Forsberg,2,8476887,13,13:07,NSH,18,Nashville Predators,517
13245007,0,00:30,16:15,,,645,Filip,2023020001,#FFB81C,Forsberg,2,8476887,14,15:45,NSH,18,Nashville Predators,517
13245008,0,00:41,19:11,,,718,Filip,2023020001,#FFB81C,Forsberg,2,8476887,15,18:30,NSH,18,Nashville Predators,517
13245009,0,00:40,00:40,,,739,Filip,2023020001,#FFB81C,Forsberg,3,8476887,16,00:00,NSH,18,Nashville Predators,517
13245010,0,00:38,03:03,,,763,Filip,2023020001,#FFB81C,Forsberg,3,8476887,17,02:25,NSH,18,Nashville Predators,517
13245011,0,00:49,06:09,,,790,Filip,2023020001,#FFB81C,Forsberg,3,8476887,18,05:20,NSH,18,Nashville Predators,517
13245012,0,01:18,08:24,,,817,Filip,2023020001,#FFB81C,Forsberg,3,8476887,19,07:06,NSH,18,Nashville Predators,517
13245013,0,00:52,14:09,,,1133,Filip,2023020001,#FFB81C,Forsberg,3,8476887,20,13:17,NSH,18,Nashville Predators,517
13245354,0,00:36,15:39,,,1151,Filip,2023020001,#FFB81C,Forsberg,3,8476887,21,15:03,NSH,18,Nashville Predators,517
13245355,0,02:56,19:58,,,1172,Filip,2023020001,#FFB81C,Forsberg,3,8476887,22,17:02,NSH,18,Nashville Predators,517
13244707,0,00:49,01:24,,,60,Colton,2023020001,#FFB81C,Sissons,1,8476925,1,00:35,NSH,18,Nashville Predators,517
13244708,0,00:45,04:36,,,94,Colton,2023020001,#FFB81C,Sissons,1,8476925,2,03:51,NSH,18,Nashville Predators,517
13244709,0,00:23,07:28,,,238,Colton,2023020001,#FFB81C,Sissons,1,8476925,3,07:05,NSH,18,Nashville Predators,517
13244710,0,00:34,10:40,,,275,Colton,2023020001,#FFB81C,Sissons,1,8476925,4,10:06,NSH,18,Nashville Predators,517
13245014,0,00:15,14:18,,,370,Colton,2023020001,#FFB81C,Sissons,1,8476925,5,14:03,NSH,18,Nashville Predators,517
13245015,0,00:56,17:14,,,395,Colton,2023020001,#FFB81C,Sissons,1,8476925,6,16:18,NSH,18,Nashville Predators,517
13245016,0,00:30,20:00,,,483,Colton,2023020001,#FFB81C,Sissons,1,8476925,7,19:30,NSH,18,Nashville Predators,517
13245017,0,00:55,00:55,,,489,Colton,2023020001,#FFB81C,Sissons,2,8476925,8,00:00,NSH,18,Nashville Predators,517
13245018,0,00:31,04:46,,,525,Colton,2023020001,#FFB81C,Sissons,2,8476925,9,04:15,NSH,18,Nashville Predators,517
13245019,0,00:46,06:48,,,540,Colton,2023020001,#FFB81C,Sissons,2,8476925,10,06:02,NSH,18,Nashville Predators,517
13245020,0,00:35,09:13,,,567,Colton,2023020001,#FFB81C,Sissons,2,8476925,11,08:38,NSH,18,Nashville Predators,517
13245021,0,00:33,13:18,,,613,Colton,2023020001,#FFB81C,Sissons,2,8476925,12,12:45,NSH,18,Nashville Predators,517
13245022,0,00:30,14:38,,,630,Colton,2023020001,#FFB81C,Sissons,2,8476925,13,14:08,NSH,18,Nashville Predators,517
13245023,0,00:34,15:45,,,636,Colton,2023020001,#FFB81C,Sissons,2,8476925,14,15:11,NSH,18,Nashville Predators,517
13245024,0,00:42,16:57,,,650,Colton,2023020001,#FFB81C,Sissons,2,8476925,15,16:15,NSH,18,Nashville Predators,517
13245025,0,00:15,19:33,,,730,Colton,2023020001,#FFB81C,Sissons,2,8476925,16,19:18,NSH,18,Nashville Predators,517
13245026,0,01:08,02:25,,,755,Colton,2023020001,#FFB81C,Sissons,3,8476925,17,01:17,NSH,18,Nashville Predators,517
13245027,0,00:37,06:01,,,791,Colton,2023020001,#FFB81C,Sissons,3,8476925,18,05:24,NSH,18,Nashville Predators,517
13245028,0,00:56,09:44,,,833,Colton,2023020001,#FFB81C,Sissons,3,8476925,19,08:48,NSH,18,Nashville Predators,517
13245029,0,00:27,10:52,,,1101,Colton,2023020001,#FFB81C,Sissons,3,8476925,20,10:25,NSH,18,Nashville Predators,517
13245030,0,00:39,12:31,,,1117,Colton,2023020001,#FFB81C,Sissons,3,8476925,21,11:52,NSH,18,Nashville Predators,517
13245356,0,00:51,17:02,,,1161,Colton,2023020001,#FFB81C,Sissons,3,8476925,22,16:11,NSH,18,Nashville Predators,517
13245357,0,00:34,19:58,,,1193,Colton,2023020001,#FFB81C,Sissons,3,8476925,23,19:24,NSH,18,Nashville Predators,517
13244711,0,00:32,00:32,,,6,Tyler,2023020001,#00205B,Motte,1,8477353,1,00:00,TBL,14,Tampa Bay Lightning,517
13244712,0,00:56,03:59,,,86,Tyler,2023020001,#00205B,Motte,1,8477353,2,03:03,TBL,14,Tampa Bay Lightning,517
13244713,0,00:52,07:03,,,228,Tyler,2023020001,#00205B,Motte,1,8477353,3,06:11,TBL,14,Tampa Bay Lightning,517
13244714,0,00:18,10:06,,,272,Tyler,2023020001,#00205B,Motte,1,8477353,4,09:48,TBL,14,Tampa Bay Lightning,517
13244715,0,00:56,12:31,,,292,Tyler,2023020001,#00205B,Motte,1,8477353,5,11:35,TBL,14,Tampa Bay Lightning,517
13245031,0,00:22,14:00,,,363,Tyler,2023020001,#00205B,Motte,1,8477353,6,13:38,TBL,14,Tampa Bay Lightning,517
13245032,0,00:55,03:20,,,504,Tyler,2023020001,#00205B,Motte,2,8477353,7,02:25,TBL,14,Tampa Bay Lightning,517
13245033,0,01:37,09:32,,,561,Tyler,2023020001,#00205B,Motte,2,8477353,8,07:55,TBL,14,Tampa Bay Lightning,517
13245034,0,00:37,10:41,,,582,Tyler,2023020001,#00205B,Motte,2,8477353,9,10:04,TBL,14,Tampa Bay Lightning,517
13245035,0,00:50,14:08,,,620,Tyler,2023020001,#00205B,Motte,2,8477353,10,13:18,TBL,14,Tampa Bay Lightning,517
13245036,0,20:00,20:00,,,7,Juuse,2023020001,#FFB81C,Saros,1,8477424,1,00:00,NSH,18,Nashville Predators,517
13245037,0,09:54,09:54,,,489,Juuse,2023020001,#FFB81C,Saros,2,8477424,2,00:00,NSH,18,Nashville Predators,517
13245038,0,03:03,13:07,,,583,Juuse,2023020001,#FFB81C,Saros,2,8477424,3,10:04,NSH,18,Nashville Predators,517
13245039,0,06:42,20:00,,,624,Juuse,2023020001,#FFB81C,Saros,2,8477424,4,13:18,NSH,18,Nashville Predators,517
13245358,0,17:35,17:35,,,739,Juuse,2023020001,#FFB81C,Saros,3,8477424,5,00:00,NSH,18,Nashville Predators,517
13245359,0,00:02,20:00,,,1197,Juuse,2023020001,#FFB81C,Saros,3,8477424,6,19:58,NSH,18,Nashville Predators,517
13244716,0,00:41,03:05,,,80,Nicholas,2023020001,#00205B,Paul,1,8477426,1,02:24,TBL,14,Tampa Bay Lightning,517
13244717,0,00:45,06:10,,,217,Nicholas,2023020001,#00205B,Paul,1,8477426,2,05:25,TBL,14,Tampa Bay Lightning,517
13244718,0,00:43,09:20,,,258,Nicholas,2023020001,#00205B,Paul,1,8477426,3,08:37,TBL,14,Tampa Bay Lightning,517
13244719,0,00:25,11:35,,,287,Nicholas,2023020001,#00205B,Paul,1,8477426,4,11:10,TBL,14,Tampa Bay Lightning,517
13245040,0,00:26,13:27,,,355,Nicholas,2023020001,#00205B,Paul,1,8477426,5,13:01,TBL,14,Tampa Bay Lightning,517
13245041,0,01:04,15:22,,,379,Nicholas,2023020001,#00205B,Paul,1,8477426,6,14:18,TBL,14,Tampa Bay Lightning,517
13245042,0,01:11,18:27,,,452,Nicholas,2023020001,#00205B,Paul,1,8477426,7,17:16,TBL,14,Tampa Bay Lightning,517
13245043,0,00:30,20:00,,,482,Nicholas,2023020001,#00205B,Paul,1,8477426,8,19:30,TBL,14,Tampa Bay Lightning,517
13245044,0,01:26,01:26,,,488,Nicholas,2023020001,#00205B,Paul,2,8477426,9,00:00,TBL,14,Tampa Bay Lightning,517
13245045,0,00:46,04:06,,,511,Nicholas,2023020001,#00205B,Paul,2,8477426,10,03:20,TBL,14,Tampa Bay Lightning,517
13245046,0,01:00,06:53,,,537,Nicholas,2023020001,#00205B,Paul,2,8477426,11,05:53,TBL,14,Tampa Bay Lightning,517
13245047,0,00:56,17:11,,,647,Nicholas,2023020001,#00205B,Paul,2,8477426,12,16:15,TBL,14,Tampa Bay Lightning,517
13245330,803,,02:25,PPG,"Brayden Point, Steven Stamkos",170,Nicholas,2023020001,#00205B,Paul,3,8477426,0,02:25,TBL,14,Tampa Bay Lightning,505
13245331,803,,10:52,PPG,"Mikhail Sergachev, Brayden Point",176,Nicholas,2023020001,#00205B,Paul,3,8477426,0,10:52,TBL,14,Tampa Bay Lightning,505
13245048,0,01:08,02:25,,,754,Nicholas,2023020001,#00205B,Paul,3,8477426,13,01:17,TBL,14,Tampa Bay Lightning,517
13245049,0,00:27,03:34,,,772,Nicholas,2023020001,#00205B,Paul,3,8477426,14,03:07,TBL,14,Tampa Bay Lightning,517
13245050,0,00:25,08:48,,,825,Nicholas,2023020001,#00205B,Paul,3,8477426,15,08:23,TBL,14,Tampa Bay Lightning,517
13245051,0,01:40,10:52,,,838,Nicholas,2023020001,#00205B,Paul,3,8477426,16,09:12,TBL,14,Tampa Bay Lightning,517
13245052,0,01:14,12:26,,,1114,Nicholas,2023020001,#00205B,Paul,3,8477426,17,11:12,TBL,14,Tampa Bay Lightning,517
13245360,0,00:51,17:02,,,1162,Nicholas,2023020001,#00205B,Paul,3,8477426,18,16:11,TBL,14,Tampa Bay Lightning,517
13245361,0,00:34,19:58,,,1192,Nicholas,2023020001,#00205B,Paul,3,8477426,19,19:24,TBL,14,Tampa Bay Lightning,517
13244720,0,00:51,03:03,,,75,Conor,2023020001,#00205B,Sheary,1,8477839,1,02:12,TBL,14,Tampa Bay Lightning,517
13244721,0,00:39,06:11,,,220,Conor,2023020001,#00205B,Sheary,1,8477839,2,05:32,TBL,14,Tampa Bay Lightning,517
13244722,0,00:37,09:20,,,259,Conor,2023020001,#00205B,Sheary,1,8477839,3,08:43,TBL,14,Tampa Bay Lightning,517
13244723,0,00:25,11:35,,,287,Conor,2023020001,#00205B,Sheary,1,8477839,4,11:10,TBL,14,Tampa Bay Lightning,517
13245053,0,01:03,16:33,,,390,Conor,2023020001,#00205B,Sheary,1,8477839,5,15:30,TBL,14,Tampa Bay Lightning,517
13245054,0,00:46,18:26,,,460,Conor,2023020001,#00205B,Sheary,1,8477839,6,17:40,TBL,14,Tampa Bay Lightning,517
13245055,0,00:49,04:10,,,512,Conor,2023020001,#00205B,Sheary,2,8477839,7,03:21,TBL,14,Tampa Bay Lightning,517
13245056,0,01:01,06:56,,,538,Conor,2023020001,#00205B,Sheary,2,8477839,8,05:55,TBL,14,Tampa Bay Lightning,517
13245057,0,00:30,16:15,,,644,Conor,2023020001,#00205B,Sheary,2,8477839,9,15:45,TBL,14,Tampa Bay Lightning,517
13245058,0,00:20,01:00,,,746,Conor,2023020001,#00205B,Sheary,3,8477839,10,00:40,TBL,14,Tampa Bay Lightning,517
13245059,0,00:42,03:07,,,764,Conor,2023020001,#00205B,Sheary,3,8477839,11,02:25,TBL,14,Tampa Bay Lightning,517
13245060,0,01:10,06:04,,,787,Conor,2023020001,#00205B,Sheary,3,8477839,12,04:54,TBL,14,Tampa Bay Lightning,517
13245061,0,00:32,09:44,,,838,Conor,2023020001,#00205B,Sheary,3,8477839,13,09:12,TBL,14,Tampa Bay Lightning,517
13245062,0,00:20,11:12,,,1107,Conor,2023020001,#00205B,Sheary,3,8477839,14,10:52,TBL,14,Tampa Bay Lightning,517
13245063,0,00:51,13:22,,,1125,Conor,2023020001,#00205B,Sheary,3,8477839,15,12:31,TBL,14,Tampa Bay Lightning,517
13245362,0,01:26,17:02,,,1153,Conor,2023020001,#00205B,Sheary,3,8477839,16,15:36,TBL,14,Tampa Bay Lightning,517
13245363,0,00:02,20:00,,,1198,Conor,2023020001,#00205B,Sheary,3,8477839,17,19:58,TBL,14,Tampa Bay Lightning,517
13245064,0,20:00,20:00,,,6,Jonas,2023020001,#00205B,Johansson,1,8477992,1,00:00,TBL,14,Tampa Bay Lightning,517
13245065,0,20:00,20:00,,,488,Jonas,2023020001,#00205B,Johansson,2,8477992,2,00:00,TBL,14,Tampa Bay Lightning,517
13245066,0,20:00,20:00,,,738,Jonas,2023020001,#00205B,Johansson,3,8477992,3,00:00,TBL,14,Tampa Bay Lightning,517
13244724,0,00:47,01:28,,,62,Brayden,2023020001,#00205B,Point,1,8478010,1,00:41,TBL,14,Tampa Bay Lightning,517
13244725,0,00:59,04:52,,,93,Brayden,2023020001,#00205B,Point,1,8478010,2,03:53,TBL,14,Tampa Bay Lightning,517
13244726,0,00:49,07:54,,,237,Brayden,2023020001,#00205B,Point,1,8478010,3,07:05,TBL,14,Tampa Bay Lightning,517
13244727,0,00:28,09:48,,,265,Brayden,2023020001,#00205B,Point,1,8478010,4,09:20,TBL,14,Tampa Bay Lightning,517
13244728,0,00:30,11:10,,,282,Brayden,2023020001,#00205B,Point,1,8478010,5,10:40,TBL,14,Tampa Bay Lightning,517
13245067,0,01:28,15:29,,,366,Brayden,2023020001,#00205B,Point,1,8478010,6,14:01,TBL,14,Tampa Bay Lightning,517
13245068,0,00:43,17:16,,,399,Brayden,2023020001,#00205B,Point,1,8478010,7,16:33,TBL,14,Tampa Bay Lightning,517
13245069,0,00:30,20:00,,,482,Brayden,2023020001,#00205B,Point,1,8478010,8,19:30,TBL,14,Tampa Bay Lightning,517
13245070,0,02:19,02:19,,,488,Brayden,2023020001,#00205B,Point,2,8478010,9,00:00,TBL,14,Tampa Bay Lightning,517
13245071,0,01:09,05:55,,,529,Brayden,2023020001,#00205B,Point,2,8478010,10,04:46,TBL,14,Tampa Bay Lightning,517
13245072,0,01:03,10:04,,,569,Brayden,2023020001,#00205B,Point,2,8478010,11,09:01,TBL,14,Tampa Bay Lightning,517
13245073,0,00:52,13:18,,,608,Brayden,2023020001,#00205B,Point,2,8478010,12,12:26,TBL,14,Tampa Bay Lightning,517
13245074,0,00:20,15:45,,,639,Brayden,2023020001,#00205B,Point,2,8478010,13,15:25,TBL,14,Tampa Bay Lightning,517
13245075,0,00:40,17:51,,,708,Brayden,2023020001,#00205B,Point,2,8478010,14,17:11,TBL,14,Tampa Bay Lightning,517
13245076,0,01:03,19:33,,,720,Brayden,2023020001,#00205B,Point,2,8478010,15,18:30,TBL,14,Tampa Bay Lightning,517
13245077,0,00:40,00:40,,,738,Brayden,2023020001,#00205B,Point,3,8478010,16,00:00,TBL,14,Tampa Bay Lightning,517
13245078,0,01:08,02:25,,,754,Brayden,2023020001,#00205B,Point,3,8478010,17,01:17,TBL,14,Tampa Bay Lightning,517
13245079,0,00:38,04:54,,,780,Brayden,2023020001,#00205B,Point,3,8478010,18,04:16,TBL,14,Tampa Bay Lightning,517
13245080,0,00:37,07:06,,,808,Brayden,2023020001,#00205B,Point,3,8478010,19,06:29,TBL,14,Tampa Bay Lightning,517
13245081,0,01:08,10:52,,,841,Brayden,2023020001,#00205B,Point,3,8478010,20,09:44,TBL,14,Tampa Bay Lightning,517
13245082,0,01:21,12:33,,,1114,Brayden,2023020001,#00205B,Point,3,8478010,21,11:12,TBL,14,Tampa Bay Lightning,517
13245083,0,01:02,15:03,,,1143,Brayden,2023020001,#00205B,Point,3,8478010,22,14:01,TBL,14,Tampa Bay Lightning,517
13245364,0,01:25,18:27,,,1170,Brayden,2023020001,#00205B,Point,3,8478010,23,17:02,TBL,14,Tampa Bay Lightning,517
13245365,0,00:34,19:58,,,1192,Brayden,2023020001,#00205B,Point,3,8478010,24,19:24,TBL,14,Tampa Bay Lightning,517
13244729,0,00:48,01:28,,,61,Darren,2023020001,#00205B,Raddysh,1,8478178,1,00:40,TBL,14,Tampa Bay Lightning,517
13244730,0,00:40,04:44,,,201,Darren,2023020001,#00205B,Raddysh,1,8478178,2,04:04,TBL,14,Tampa Bay Lightning,517
13244731,0,00:45,07:05,,,230,Darren,2023020001,#00205B,Raddysh,1,8478178,3,06:20,TBL,14,Tampa Bay Lightning,517
13244732,0,00:58,09:20,,,252,Darren,2023020001,#00205B,Raddysh,1,8478178,4,08:22,TBL,14,Tampa Bay Lightning,517
13244733,0,00:18,10:06,,,272,Darren,2023020001,#00205B,Raddysh,1,8478178,5,09:48,TBL,14,Tampa Bay Lightning,517
13244734,0,00:30,11:10,,,282,Darren,2023020001,#00205B,Raddysh,1,8478178,6,10:40,TBL,14,Tampa Bay Lightning,517
13245084,0,00:01,14:01,,,365,Darren,2023020001,#00205B,Raddysh,1,8478178,7,14:00,TBL,14,Tampa Bay Lightning,517
13245085,0,00:03,14:18,,,374,Darren,2023020001,#00205B,Raddysh,1,8478178,8,14:15,TBL,14,Tampa Bay Lightning,517
13245086,0,01:24,19:23,,,464,Darren,2023020001,#00205B,Raddysh,1,8478178,9,17:59,TBL,14,Tampa Bay Lightning,517
13245087,0,01:44,03:10,,,495,Darren,2023020001,#00205B,Raddysh,2,8478178,10,01:26,TBL,14,Tampa Bay Lightning,517
13245088,0,00:44,05:30,,,529,Darren,2023020001,#00205B,Raddysh,2,8478178,11,04:46,TBL,14,Tampa Bay Lightning,517
13245089,0,01:03,09:53,,,568,Darren,2023020001,#00205B,Raddysh,2,8478178,12,08:50,TBL,14,Tampa Bay Lightning,517
13245090,0,01:31,13:18,,,600,Darren,2023020001,#00205B,Raddysh,2,8478178,13,11:47,TBL,14,Tampa Bay Lightning,517
13245091,0,00:28,15:45,,,637,Darren,2023020001,#00205B,Raddysh,2,8478178,14,15:17,TBL,14,Tampa Bay Lightning,517
13245092,0,00:49,17:51,,,706,Darren,2023020001,#00205B,Raddysh,2,8478178,15,17:02,TBL,14,Tampa Bay Lightning,517
13245093,0,00:51,19:21,,,720,Darren,2023020001,#00205B,Raddysh,2,8478178,16,18:30,TBL,14,Tampa Bay Lightning,517
13245094,0,00:37,01:17,,,746,Darren,2023020001,#00205B,Raddysh,3,8478178,17,00:40,TBL,14,Tampa Bay Lightning,517
13245095,0,00:51,03:58,,,772,Darren,2023020001,#00205B,Raddysh,3,8478178,18,03:07,TBL,14,Tampa Bay Lightning,517
13245096,0,00:55,06:19,,,793,Darren,2023020001,#00205B,Raddysh,3,8478178,19,05:24,TBL,14,Tampa Bay Lightning,517
13245097,0,00:20,11:12,,,1107,Darren,2023020001,#00205B,Raddysh,3,8478178,20,10:52,TBL,14,Tampa Bay Lightning,517
13245098,0,00:52,14:03,,,1130,Darren,2023020001,#00205B,Raddysh,3,8478178,21,13:11,TBL,14,Tampa Bay Lightning,517
13245366,0,01:16,17:01,,,1156,Darren,2023020001,#00205B,Raddysh,3,8478178,22,15:45,TBL,14,Tampa Bay Lightning,517
13245367,0,00:36,20:00,,,1192,Darren,2023020001,#00205B,Raddysh,3,8478178,23,19:24,TBL,14,Tampa Bay Lightning,517
13244735,0,00:51,02:19,,,69,Erik,2023020001,#00205B,Cernak,1,8478416,1,01:28,TBL,14,Tampa Bay Lightning,517
13244736,0,00:57,04:04,,,90,Erik,2023020001,#00205B,Cernak,1,8478416,2,03:07,TBL,14,Tampa Bay Lightning,517
13244737,0,00:54,06:20,,,219,Erik,2023020001,#00205B,Cernak,1,8478416,3,05:26,TBL,14,Tampa Bay Lightning,517
13244738,0,00:34,08:22,,,246,Erik,2023020001,#00205B,Cernak,1,8478416,4,07:48,TBL,14,Tampa Bay Lightning,517
13244739,0,00:34,10:40,,,276,Erik,2023020001,#00205B,Cernak,1,8478416,5,10:06,TBL,14,Tampa Bay Lightning,517
13244740,0,00:42,12:47,,,296,Erik,2023020001,#00205B,Cernak,1,8478416,6,12:05,TBL,14,Tampa Bay Lightning,517
13245099,0,00:52,14:15,,,360,Erik,2023020001,#00205B,Cernak,1,8478416,7,13:23,TBL,14,Tampa Bay Lightning,517
13245100,0,00:13,16:33,,,396,Erik,2023020001,#00205B,Cernak,1,8478416,8,16:20,TBL,14,Tampa Bay Lightning,517
13245101,0,00:43,18:01,,,456,Erik,2023020001,#00205B,Cernak,1,8478416,9,17:18,TBL,14,Tampa Bay Lightning,517
13245102,0,01:00,04:10,,,510,Erik,2023020001,#00205B,Cernak,2,8478416,10,03:10,TBL,14,Tampa Bay Lightning,517
13245103,0,00:52,06:22,,,536,Erik,2023020001,#00205B,Cernak,2,8478416,11,05:30,TBL,14,Tampa Bay Lightning,517
13245104,0,00:58,08:50,,,560,Erik,2023020001,#00205B,Cernak,2,8478416,12,07:52,TBL,14,Tampa Bay Lightning,517
13245105,0,00:37,10:41,,,582,Erik,2023020001,#00205B,Cernak,2,8478416,13,10:04,TBL,14,Tampa Bay Lightning,517
13245106,0,01:18,14:36,,,620,Erik,2023020001,#00205B,Cernak,2,8478416,14,13:18,TBL,14,Tampa Bay Lightning,517
13245107,0,00:48,17:03,,,647,Erik,2023020001,#00205B,Cernak,2,8478416,15,16:15,TBL,14,Tampa Bay Lightning,517
13245108,0,00:27,20:00,,,735,Erik,2023020001,#00205B,Cernak,2,8478416,16,19:33,TBL,14,Tampa Bay Lightning,517
13245109,0,00:42,03:07,,,764,Erik,2023020001,#00205B,Cernak,3,8478416,17,02:25,TBL,14,Tampa Bay Lightning,517
13245110,0,00:44,05:24,,,785,Erik,2023020001,#00205B,Cernak,3,8478416,18,04:40,TBL,14,Tampa Bay Lightning,517
13245111,0,01:26,08:23,,,811,Erik,2023020001,#00205B,Cernak,3,8478416,19,06:57,TBL,14,Tampa Bay Lightning,517
13245368,0,01:45,15:45,,,1141,Erik,2023020001,#00205B,Cernak,3,8478416,20,14:00,TBL,14,Tampa Bay Lightning,517
13245369,0,02:23,19:24,,,1169,Erik,2023020001,#00205B,Cernak,3,8478416,21,17:01,TBL,14,Tampa Bay Lightning,517
13244741,0,00:43,03:03,,,78,Tommy,2023020001,#FFB81C,Novak,1,8478438,1,02:20,NSH,18,Nashville Predators,517
13244742,0,00:55,06:09,,,213,Tommy,2023020001,#FFB81C,Novak,1,8478438,2,05:14,NSH,18,Nashville Predators,517
13244743,0,00:51,09:16,,,255,Tommy,2023020001,#FFB81C,Novak,1,8478438,3,08:25,NSH,18,Nashville Predators,517
13244744,0,00:57,13:02,,,295,Tommy,2023020001,#FFB81C,Novak,1,8478438,4,12:05,NSH,18,Nashville Predators,517
13245112,0,01:15,19:07,,,462,Tommy,2023020001,#FFB81C,Novak,1,8478438,5,17:52,NSH,18,Nashville Predators,517
13245113,0,00:59,03:20,,,503,Tommy,2023020001,#FFB81C,Novak,2,8478438,6,02:21,NSH,18,Nashville Predators,517
13245114,0,00:39,06:02,,,535,Tommy,2023020001,#FFB81C,Novak,2,8478438,7,05:23,NSH,18,Nashville Predators,517
13245115,0,01:51,11:04,,,571,Tommy,2023020001,#FFB81C,Novak,2,8478438,8,09:13,NSH,18,Nashville Predators,517
13245116,0,01:07,15:45,,,632,Tommy,2023020001,#FFB81C,Novak,2,8478438,9,14:38,NSH,18,Nashville Predators,517
13245117,0,00:54,17:51,,,704,Tommy,2023020001,#FFB81C,Novak,2,8478438,10,16:57,NSH,18,Nashville Predators,517
13245332,803,,08:48,PPG,"Philip Tomasino, Gustav Nyquist",830,Tommy,2023020001,#FFB81C,Novak,3,8478438,0,08:48,NSH,18,Nashville Predators,505
13245118,0,00:20,01:00,,,745,Tommy,2023020001,#FFB81C,Novak,3,8478438,11,00:40,NSH,18,Nashville Predators,517
13245119,0,00:50,04:24,,,776,Tommy,2023020001,#FFB81C,Novak,3,8478438,12,03:34,NSH,18,Nashville Predators,517
13245120,0,00:23,08:48,,,827,Tommy,2023020001,#FFB81C,Novak,3,8478438,13,08:25,NSH,18,Nashville Predators,517
13245121,0,00:20,11:12,,,1105,Tommy,2023020001,#FFB81C,Novak,3,8478438,14,10:52,NSH,18,Nashville Predators,517
13245370,0,01:03,15:03,,,1142,Tommy,2023020001,#FFB81C,Novak,3,8478438,15,14:00,NSH,18,Nashville Predators,517
13245371,0,01:00,17:35,,,1165,Tommy,2023020001,#FFB81C,Novak,3,8478438,16,16:35,NSH,18,Nashville Predators,517
13245372,0,01:36,19:58,,,1182,Tommy,2023020001,#FFB81C,Novak,3,8478438,17,18:22,NSH,18,Nashville Predators,517
13244745,0,00:50,02:11,,,65,Jeremy,2023020001,#FFB81C,Lauzon,1,8478468,1,01:21,NSH,18,Nashville Predators,517
13244746,0,00:45,05:18,,,203,Jeremy,2023020001,#FFB81C,Lauzon,1,8478468,2,04:33,NSH,18,Nashville Predators,517
13244747,0,00:46,07:31,,,232,Jeremy,2023020001,#FFB81C,Lauzon,1,8478468,3,06:45,NSH,18,Nashville Predators,517
13244748,0,00:35,09:35,,,262,Jeremy,2023020001,#FFB81C,Lauzon,1,8478468,4,09:00,NSH,18,Nashville Predators,517
13244749,0,00:30,12:05,,,291,Jeremy,2023020001,#FFB81C,Lauzon,1,8478468,5,11:35,NSH,18,Nashville Predators,517
13245122,0,00:31,15:29,,,382,Jeremy,2023020001,#FFB81C,Lauzon,1,8478468,6,14:58,NSH,18,Nashville Predators,517
13245123,0,01:04,18:25,,,457,Jeremy,2023020001,#FFB81C,Lauzon,1,8478468,7,17:21,NSH,18,Nashville Predators,517
13245124,0,00:37,01:32,,,492,Jeremy,2023020001,#FFB81C,Lauzon,2,8478468,8,00:55,NSH,18,Nashville Predators,517
13245125,0,00:40,03:05,,,505,Jeremy,2023020001,#FFB81C,Lauzon,2,8478468,9,02:25,NSH,18,Nashville Predators,517
13245126,0,00:31,04:46,,,525,Jeremy,2023020001,#FFB81C,Lauzon,2,8478468,10,04:15,NSH,18,Nashville Predators,517
13245127,0,00:43,07:31,,,547,Jeremy,2023020001,#FFB81C,Lauzon,2,8478468,11,06:48,NSH,18,Nashville Predators,517
13245128,0,00:49,09:58,,,570,Jeremy,2023020001,#FFB81C,Lauzon,2,8478468,12,09:09,NSH,18,Nashville Predators,517
13245129,0,00:30,13:18,,,614,Jeremy,2023020001,#FFB81C,Lauzon,2,8478468,13,12:48,NSH,18,Nashville Predators,517
13245130,0,00:36,16:50,,,649,Jeremy,2023020001,#FFB81C,Lauzon,2,8478468,14,16:14,NSH,18,Nashville Predators,517
13245131,0,00:02,18:32,,,718,Jeremy,2023020001,#FFB81C,Lauzon,2,8478468,15,18:30,NSH,18,Nashville Predators,517
13245132,0,00:17,19:33,,,729,Jeremy,2023020001,#FFB81C,Lauzon,2,8478468,16,19:16,NSH,18,Nashville Predators,517
13245133,0,00:42,03:07,,,763,Jeremy,2023020001,#FFB81C,Lauzon,3,8478468,17,02:25,NSH,18,Nashville Predators,517
13245134,0,00:42,06:02,,,790,Jeremy,2023020001,#FFB81C,Lauzon,3,8478468,18,05:20,NSH,18,Nashville Predators,517
13245135,0,00:37,07:06,,,807,Jeremy,2023020001,#FFB81C,Lauzon,3,8478468,19,06:29,NSH,18,Nashville Predators,517
13245136,0,00:20,09:12,,,834,Jeremy,2023020001,#FFB81C,Lauzon,3,8478468,20,08:52,NSH,18,Nashville Predators,517
13245137,0,00:24,09:44,,,839,Jeremy,2023020001,#FFB81C,Lauzon,3,8478468,21,09:20,NSH,18,Nashville Predators,517
13245138,0,00:48,13:10,,,1121,Jeremy,2023020001,#FFB81C,Lauzon,3,8478468,22,12:22,NSH,18,Nashville Predators,517
13245373,0,00:02,20:00,,,1197,Jeremy,2023020001,#FFB81C,Lauzon,3,8478468,23,19:58,NSH,18,Nashville Predators,517
13244750,0,00:49,01:21,,,58,Yakov,2023020001,#FFB81C,Trenin,1,8478508,1,00:32,NSH,18,Nashville Predators,517
13244751,0,01:00,04:57,,,98,Yakov,2023020001,#FFB81C,Trenin,1,8478508,2,03:57,NSH,18,Nashville Predators,517
13244752,0,00:33,07:37,,,235,Yakov,2023020001,#FFB81C,Trenin,1,8478508,3,07:04,NSH,18,Nashville Predators,517
13244753,0,00:34,10:40,,,275,Yakov,2023020001,#FFB81C,Trenin,1,8478508,4,10:06,NSH,18,Nashville Predators,517
13245139,0,00:46,14:58,,,371,Yakov,2023020001,#FFB81C,Trenin,1,8478508,5,14:12,NSH,18,Nashville Predators,517
13245140,0,01:26,17:15,,,392,Yakov,2023020001,#FFB81C,Trenin,1,8478508,6,15:49,NSH,18,Nashville Predators,517
13245141,0,00:37,01:32,,,492,Yakov,2023020001,#FFB81C,Trenin,2,8478508,7,00:55,NSH,18,Nashville Predators,517
13245142,0,00:40,04:46,,,520,Yakov,2023020001,#FFB81C,Trenin,2,8478508,8,04:06,NSH,18,Nashville Predators,517
13245143,0,00:48,06:50,,,540,Yakov,2023020001,#FFB81C,Trenin,2,8478508,9,06:02,NSH,18,Nashville Predators,517
13245144,0,01:03,09:32,,,565,Yakov,2023020001,#FFB81C,Trenin,2,8478508,10,08:29,NSH,18,Nashville Predators,517
13245145,0,00:34,13:18,,,612,Yakov,2023020001,#FFB81C,Trenin,2,8478508,11,12:44,NSH,18,Nashville Predators,517
13245146,0,00:46,17:01,,,650,Yakov,2023020001,#FFB81C,Trenin,2,8478508,12,16:15,NSH,18,Nashville Predators,517
13245147,0,00:22,19:33,,,726,Yakov,2023020001,#FFB81C,Trenin,2,8478508,13,19:11,NSH,18,Nashville Predators,517
13245148,0,00:53,06:19,,,792,Yakov,2023020001,#FFB81C,Trenin,3,8478508,14,05:26,NSH,18,Nashville Predators,517
13245149,0,00:56,09:44,,,833,Yakov,2023020001,#FFB81C,Trenin,3,8478508,15,08:48,NSH,18,Nashville Predators,517
13245150,0,00:37,11:49,,,1110,Yakov,2023020001,#FFB81C,Trenin,3,8478508,16,11:12,NSH,18,Nashville Predators,517
13245151,0,00:42,13:10,,,1123,Yakov,2023020001,#FFB81C,Trenin,3,8478508,17,12:28,NSH,18,Nashville Predators,517
13245374,0,00:48,16:59,,,1161,Yakov,2023020001,#FFB81C,Trenin,3,8478508,18,16:11,NSH,18,Nashville Predators,517
13244754,0,00:40,00:40,,,6,Anthony,2023020001,#00205B,Cirelli,1,8478519,1,00:00,TBL,14,Tampa Bay Lightning,517
13244755,0,00:48,03:53,,,89,Anthony,2023020001,#00205B,Cirelli,1,8478519,2,03:05,TBL,14,Tampa Bay Lightning,517
13244756,0,00:54,07:04,,,224,Anthony,2023020001,#00205B,Cirelli,1,8478519,3,06:10,TBL,14,Tampa Bay Lightning,517
13244757,0,00:18,10:06,,,272,Anthony,2023020001,#00205B,Cirelli,1,8478519,4,09:48,TBL,14,Tampa Bay Lightning,517
13244758,0,00:30,12:05,,,292,Anthony,2023020001,#00205B,Cirelli,1,8478519,5,11:35,TBL,14,Tampa Bay Lightning,517
13244759,0,00:30,13:01,,,300,Anthony,2023020001,#00205B,Cirelli,1,8478519,6,12:31,TBL,14,Tampa Bay Lightning,517
13245152,0,01:04,16:33,,,387,Anthony,2023020001,#00205B,Cirelli,1,8478519,7,15:29,TBL,14,Tampa Bay Lightning,517
13245153,0,00:03,19:30,,,479,Anthony,2023020001,#00205B,Cirelli,1,8478519,8,19:27,TBL,14,Tampa Bay Lightning,517
13245154,0,01:02,03:21,,,501,Anthony,2023020001,#00205B,Cirelli,2,8478519,9,02:19,TBL,14,Tampa Bay Lightning,517
13245155,0,01:21,09:01,,,557,Anthony,2023020001,#00205B,Cirelli,2,8478519,10,07:40,TBL,14,Tampa Bay Lightning,517
13245156,0,01:06,11:47,,,589,Anthony,2023020001,#00205B,Cirelli,2,8478519,11,10:41,TBL,14,Tampa Bay Lightning,517
13245157,0,01:29,15:25,,,627,Anthony,2023020001,#00205B,Cirelli,2,8478519,12,13:56,TBL,14,Tampa Bay Lightning,517
13245158,0,00:30,16:15,,,644,Anthony,2023020001,#00205B,Cirelli,2,8478519,13,15:45,TBL,14,Tampa Bay Lightning,517
13245159,0,00:27,20:00,,,735,Anthony,2023020001,#00205B,Cirelli,2,8478519,14,19:33,TBL,14,Tampa Bay Lightning,517
13245160,0,00:20,01:00,,,746,Anthony,2023020001,#00205B,Cirelli,3,8478519,15,00:40,TBL,14,Tampa Bay Lightning,517
13245161,0,00:42,03:07,,,764,Anthony,2023020001,#00205B,Cirelli,3,8478519,16,02:25,TBL,14,Tampa Bay Lightning,517
13245162,0,01:08,06:02,,,787,Anthony,2023020001,#00205B,Cirelli,3,8478519,17,04:54,TBL,14,Tampa Bay Lightning,517
13245163,0,00:47,08:22,,,820,Anthony,2023020001,#00205B,Cirelli,3,8478519,18,07:35,TBL,14,Tampa Bay Lightning,517
13245164,0,00:20,11:12,,,1107,Anthony,2023020001,#00205B,Cirelli,3,8478519,19,10:52,TBL,14,Tampa Bay Lightning,517
13245165,0,00:38,13:11,,,1127,Anthony,2023020001,#00205B,Cirelli,3,8478519,20,12:33,TBL,14,Tampa Bay Lightning,517
13245375,0,01:08,16:11,,,1150,Anthony,2023020001,#00205B,Cirelli,3,8478519,21,15:03,TBL,14,Tampa Bay Lightning,517
13245376,0,00:57,19:24,,,1185,Anthony,2023020001,#00205B,Cirelli,3,8478519,22,18:27,TBL,14,Tampa Bay Lightning,517
13244760,0,00:28,00:28,,,7,Alexandre,2023020001,#FFB81C,Carrier,1,8478851,1,00:00,NSH,18,Nashville Predators,517
13244761,0,00:47,03:00,,,76,Alexandre,2023020001,#FFB81C,Carrier,1,8478851,2,02:13,NSH,18,Nashville Predators,517
13244762,0,00:43,04:33,,,92,Alexandre,2023020001,#FFB81C,Carrier,1,8478851,3,03:50,NSH,18,Nashville Predators,517
13244763,0,00:45,06:44,,,223,Alexandre,2023020001,#FFB81C,Carrier,1,8478851,4,05:59,NSH,18,Nashville Predators,517
13244764,0,00:40,09:00,,,251,Alexandre,2023020001,#FFB81C,Carrier,1,8478851,5,08:20,NSH,18,Nashville Predators,517
13244765,0,00:34,10:40,,,275,Alexandre,2023020001,#FFB81C,Carrier,1,8478851,6,10:06,NSH,18,Nashville Predators,517
13245166,0,01:10,14:58,,,364,Alexandre,2023020001,#FFB81C,Carrier,1,8478851,7,13:48,NSH,18,Nashville Predators,517
13245167,0,00:35,16:04,,,389,Alexandre,2023020001,#FFB81C,Carrier,1,8478851,8,15:29,NSH,18,Nashville Predators,517
13245168,0,00:34,18:22,,,461,Alexandre,2023020001,#FFB81C,Carrier,1,8478851,9,17:48,NSH,18,Nashville Predators,517
13245169,0,00:30,20:00,,,483,Alexandre,2023020001,#FFB81C,Carrier,1,8478851,10,19:30,NSH,18,Nashville Predators,517
13245170,0,00:55,00:55,,,489,Alexandre,2023020001,#FFB81C,Carrier,2,8478851,11,00:00,NSH,18,Nashville Predators,517
13245171,0,00:52,04:14,,,514,Alexandre,2023020001,#FFB81C,Carrier,2,8478851,12,03:22,NSH,18,Nashville Predators,517
13245172,0,00:43,06:02,,,532,Alexandre,2023020001,#FFB81C,Carrier,2,8478851,13,05:19,NSH,18,Nashville Predators,517
13245173,0,00:48,08:01,,,554,Alexandre,2023020001,#FFB81C,Carrier,2,8478851,14,07:13,NSH,18,Nashville Predators,517
13245174,0,00:50,12:48,,,605,Alexandre,2023020001,#FFB81C,Carrier,2,8478851,15,11:58,NSH,18,Nashville Predators,517
13245175,0,00:46,16:13,,,640,Alexandre,2023020001,#FFB81C,Carrier,2,8478851,16,15:27,NSH,18,Nashville Predators,517
13245176,0,01:00,17:51,,,703,Alexandre,2023020001,#FFB81C,Carrier,2,8478851,17,16:51,NSH,18,Nashville Predators,517
13245177,0,00:29,19:16,,,724,Alexandre,2023020001,#FFB81C,Carrier,2,8478851,18,18:47,NSH,18,Nashville Predators,517
13245178,0,00:40,00:40,,,739,Alexandre,2023020001,#FFB81C,Carrier,3,8478851,19,00:00,NSH,18,Nashville Predators,517
13245179,0,01:08,02:25,,,755,Alexandre,2023020001,#FFB81C,Carrier,3,8478851,20,01:17,NSH,18,Nashville Predators,517
13245180,0,01:15,05:19,,,778,Alexandre,2023020001,#FFB81C,Carrier,3,8478851,21,04:04,NSH,18,Nashville Predators,517
13245181,0,00:16,07:06,,,810,Alexandre,2023020001,#FFB81C,Carrier,3,8478851,22,06:50,NSH,18,Nashville Predators,517
13245182,0,00:26,08:54,,,828,Alexandre,2023020001,#FFB81C,Carrier,3,8478851,23,08:28,NSH,18,Nashville Predators,517
13245183,0,00:41,10:25,,,842,Alexandre,2023020001,#FFB81C,Carrier,3,8478851,24,09:44,NSH,18,Nashville Predators,517
13245184,0,00:37,11:49,,,1110,Alexandre,2023020001,#FFB81C,Carrier,3,8478851,25,11:12,NSH,18,Nashville Predators,517
13245185,0,00:40,13:09,,,1124,Alexandre,2023020001,#FFB81C,Carrier,3,8478851,26,12:29,NSH,18,Nashville Predators,517
13245186,0,00:45,14:54,,,1145,Alexandre,2023020001,#FFB81C,Carrier,3,8478851,27,14:09,NSH,18,Nashville Predators,517
13245377,0,01:00,17:11,,,1161,Alexandre,2023020001,#FFB81C,Carrier,3,8478851,28,16:11,NSH,18,Nashville Predators,517
13245378,0,00:02,20:00,,,1197,Alexandre,2023020001,#FFB81C,Carrier,3,8478851,29,19:58,NSH,18,Nashville Predators,517
13244766,0,00:47,01:28,,,62,Mikhail,2023020001,#00205B,Sergachev,1,8479410,1,00:41,TBL,14,Tampa Bay Lightning,517
13244767,0,00:50,04:45,,,96,Mikhail,2023020001,#00205B,Sergachev,1,8479410,2,03:55,TBL,14,Tampa Bay Lightning,517
13244768,0,00:52,07:03,,,228,Mikhail,2023020001,#00205B,Sergachev,1,8479410,3,06:11,TBL,14,Tampa Bay Lightning,517
13244769,0,00:45,09:20,,,256,Mikhail,2023020001,#00205B,Sergachev,1,8479410,4,08:35,TBL,14,Tampa Bay Lightning,517
13244770,0,00:18,10:06,,,272,Mikhail,2023020001,#00205B,Sergachev,1,8479410,5,09:48,TBL,14,Tampa Bay Lightning,517
13244771,0,00:30,11:10,,,282,Mikhail,2023020001,#00205B,Sergachev,1,8479410,6,10:40,TBL,14,Tampa Bay Lightning,517
13244772,0,00:41,12:46,,,296,Mikhail,2023020001,#00205B,Sergachev,1,8479410,7,12:05,TBL,14,Tampa Bay Lightning,517
13245187,0,00:49,14:14,,,361,Mikhail,2023020001,#00205B,Sergachev,1,8479410,8,13:25,TBL,14,Tampa Bay Lightning,517
13245188,0,01:12,16:33,,,385,Mikhail,2023020001,#00205B,Sergachev,1,8479410,9,15:21,TBL,14,Tampa Bay Lightning,517
13245189,0,01:22,19:23,,,465,Mikhail,2023020001,#00205B,Sergachev,1,8479410,10,18:01,TBL,14,Tampa Bay Lightning,517
13245190,0,01:03,03:09,,,499,Mikhail,2023020001,#00205B,Sergachev,2,8479410,11,02:06,TBL,14,Tampa Bay Lightning,517
13245191,0,01:07,05:53,,,529,Mikhail,2023020001,#00205B,Sergachev,2,8479410,12,04:46,TBL,14,Tampa Bay Lightning,517
13245192,0,01:52,10:42,,,568,Mikhail,2023020001,#00205B,Sergachev,2,8479410,13,08:50,TBL,14,Tampa Bay Lightning,517
13245193,0,01:34,13:18,,,598,Mikhail,2023020001,#00205B,Sergachev,2,8479410,14,11:44,TBL,14,Tampa Bay Lightning,517
13245194,0,00:27,15:45,,,638,Mikhail,2023020001,#00205B,Sergachev,2,8479410,15,15:18,TBL,14,Tampa Bay Lightning,517
13245195,0,00:48,17:51,,,707,Mikhail,2023020001,#00205B,Sergachev,2,8479410,16,17:03,TBL,14,Tampa Bay Lightning,517
13245196,0,01:03,19:33,,,720,Mikhail,2023020001,#00205B,Sergachev,2,8479410,17,18:30,TBL,14,Tampa Bay Lightning,517
13245197,0,00:37,01:17,,,746,Mikhail,2023020001,#00205B,Sergachev,3,8479410,18,00:40,TBL,14,Tampa Bay Lightning,517
13245198,0,00:51,03:58,,,772,Mikhail,2023020001,#00205B,Sergachev,3,8479410,19,03:07,TBL,14,Tampa Bay Lightning,517
13245199,0,00:51,06:18,,,794,Mikhail,2023020001,#00205B,Sergachev,3,8479410,20,05:27,TBL,14,Tampa Bay Lightning,517
13245200,0,01:15,08:21,,,813,Mikhail,2023020001,#00205B,Sergachev,3,8479410,21,07:06,TBL,14,Tampa Bay Lightning,517
13245201,0,00:43,11:12,,,1102,Mikhail,2023020001,#00205B,Sergachev,3,8479410,22,10:29,TBL,14,Tampa Bay Lightning,517
13245202,0,00:43,13:25,,,1128,Mikhail,2023020001,#00205B,Sergachev,3,8479410,23,12:42,TBL,14,Tampa Bay Lightning,517
13245379,0,01:24,17:00,,,1153,Mikhail,2023020001,#00205B,Sergachev,3,8479410,24,15:36,TBL,14,Tampa Bay Lightning,517
13245380,0,00:36,20:00,,,1192,Mikhail,2023020001,#00205B,Sergachev,3,8479410,25,19:24,TBL,14,Tampa Bay Lightning,517
13244773,0,00:33,00:33,,,6,Brandon,2023020001,#00205B,Hagel,1,8479542,1,00:00,TBL,14,Tampa Bay Lightning,517
13244774,0,00:56,04:00,,,88,Brandon,2023020001,#00205B,Hagel,1,8479542,2,03:04,TBL,14,Tampa Bay Lightning,517
13244775,0,00:49,07:03,,,229,Brandon,2023020001,#00205B,Hagel,1,8479542,3,06:14,TBL,14,Tampa Bay Lightning,517
13244776,0,00:18,10:06,,,272,Brandon,2023020001,#00205B,Hagel,1,8479542,4,09:48,TBL,14,Tampa Bay Lightning,517
13244777,0,00:30,12:05,,,292,Brandon,2023020001,#00205B,Hagel,1,8479542,5,11:35,TBL,14,Tampa Bay Lightning,517
13245203,0,00:42,13:13,,,300,Brandon,2023020001,#00205B,Hagel,1,8479542,6,12:31,TBL,14,Tampa Bay Lightning,517
13245204,0,00:51,16:20,,,387,Brandon,2023020001,#00205B,Hagel,1,8479542,7,15:29,TBL,14,Tampa Bay Lightning,517
13245205,0,01:32,03:21,,,498,Brandon,2023020001,#00205B,Hagel,2,8479542,8,01:49,TBL,14,Tampa Bay Lightning,517
13245206,0,01:25,09:35,,,563,Brandon,2023020001,#00205B,Hagel,2,8479542,9,08:10,TBL,14,Tampa Bay Lightning,517
13245207,0,01:05,11:47,,,590,Brandon,2023020001,#00205B,Hagel,2,8479542,10,10:42,TBL,14,Tampa Bay Lightning,517
13245208,0,02:07,16:15,,,631,Brandon,2023020001,#00205B,Hagel,2,8479542,11,14:08,TBL,14,Tampa Bay Lightning,517
13245209,0,00:27,20:00,,,735,Brandon,2023020001,#00205B,Hagel,2,8479542,12,19:33,TBL,14,Tampa Bay Lightning,517
13245333,803,,03:07,Penalty Shot,,171,Brandon,2023020001,#00205B,Hagel,3,8479542,0,03:07,TBL,14,Tampa Bay Lightning,505
13245210,0,00:20,01:00,,,746,Brandon,2023020001,#00205B,Hagel,3,8479542,13,00:40,TBL,14,Tampa Bay Lightning,517
13245211,0,00:42,03:07,,,764,Brandon,2023020001,#00205B,Hagel,3,8479542,14,02:25,TBL,14,Tampa Bay Lightning,517
13245212,0,01:11,06:05,,,787,Brandon,2023020001,#00205B,Hagel,3,8479542,15,04:54,TBL,14,Tampa Bay Lightning,517
13245213,0,00:47,08:22,,,820,Brandon,2023020001,#00205B,Hagel,3,8479542,16,07:35,TBL,14,Tampa Bay Lightning,517
13245214,0,00:20,11:12,,,1107,Brandon,2023020001,#00205B,Hagel,3,8479542,17,10:52,TBL,14,Tampa Bay Lightning,517
13245215,0,01:02,13:29,,,1120,Brandon,2023020001,#00205B,Hagel,3,8479542,18,12:27,TBL,14,Tampa Bay Lightning,517
13245381,0,01:08,16:11,,,1150,Brandon,2023020001,#00205B,Hagel,3,8479542,19,15:03,TBL,14,Tampa Bay Lightning,517
13245382,0,01:22,18:27,,,1173,Brandon,2023020001,#00205B,Hagel,3,8479542,20,17:05,TBL,14,Tampa Bay Lightning,517
13244778,0,00:35,03:04,,,81,Michael,2023020001,#00205B,Eyssimont,1,8479591,1,02:29,TBL,14,Tampa Bay Lightning,517
13244779,0,00:41,06:14,,,221,Michael,2023020001,#00205B,Eyssimont,1,8479591,2,05:33,TBL,14,Tampa Bay Lightning,517
13244780,0,00:32,09:20,,,260,Michael,2023020001,#00205B,Eyssimont,1,8479591,3,08:48,TBL,14,Tampa Bay Lightning,517
13244781,0,00:25,11:35,,,287,Michael,2023020001,#00205B,Eyssimont,1,8479591,4,11:10,TBL,14,Tampa Bay Lightning,517
13245216,0,01:05,18:41,,,459,Michael,2023020001,#00205B,Eyssimont,1,8479591,5,17:36,TBL,14,Tampa Bay Lightning,517
13245217,0,00:51,04:12,,,512,Michael,2023020001,#00205B,Eyssimont,2,8479591,6,03:21,TBL,14,Tampa Bay Lightning,517
13245218,0,01:03,07:05,,,541,Michael,2023020001,#00205B,Eyssimont,2,8479591,7,06:02,TBL,14,Tampa Bay Lightning,517
13245219,0,00:47,17:02,,,647,Michael,2023020001,#00205B,Eyssimont,2,8479591,8,16:15,TBL,14,Tampa Bay Lightning,517
13245220,0,00:05,19:33,,,732,Michael,2023020001,#00205B,Eyssimont,2,8479591,9,19:28,TBL,14,Tampa Bay Lightning,517
13245221,0,00:27,03:34,,,772,Michael,2023020001,#00205B,Eyssimont,3,8479591,10,03:07,TBL,14,Tampa Bay Lightning,517
13245222,0,00:32,09:44,,,838,Michael,2023020001,#00205B,Eyssimont,3,8479591,11,09:12,TBL,14,Tampa Bay Lightning,517
13245223,0,00:32,14:01,,,1137,Michael,2023020001,#00205B,Eyssimont,3,8479591,12,13:29,TBL,14,Tampa Bay Lightning,517
13245383,0,00:54,17:05,,,1162,Michael,2023020001,#00205B,Eyssimont,3,8479591,13,16:11,TBL,14,Tampa Bay Lightning,517
13245384,0,00:02,20:00,,,1198,Michael,2023020001,#00205B,Eyssimont,3,8479591,14,19:58,TBL,14,Tampa Bay Lightning,517
13244782,0,01:01,02:29,,,69,Tanner,2023020001,#00205B,Jeannot,1,8479661,1,01:28,TBL,14,Tampa Bay Lightning,517
13244783,0,00:38,05:32,,,211,Tanner,2023020001,#00205B,Jeannot,1,8479661,2,04:54,TBL,14,Tampa Bay Lightning,517
13244784,0,00:31,08:48,,,249,Tanner,2023020001,#00205B,Jeannot,1,8479661,3,08:17,TBL,14,Tampa Bay Lightning,517
13244785,0,00:34,10:40,,,276,Tanner,2023020001,#00205B,Jeannot,1,8479661,4,10:06,TBL,14,Tampa Bay Lightning,517
13245224,0,01:11,16:33,,,386,Tanner,2023020001,#00205B,Jeannot,1,8479661,5,15:22,TBL,14,Tampa Bay Lightning,517
13245225,0,00:49,19:30,,,471,Tanner,2023020001,#00205B,Jeannot,1,8479661,6,18:41,TBL,14,Tampa Bay Lightning,517
13245226,0,00:34,04:46,,,521,Tanner,2023020001,#00205B,Jeannot,2,8479661,7,04:12,TBL,14,Tampa Bay Lightning,517
13245227,0,01:05,08:10,,,553,Tanner,2023020001,#00205B,Jeannot,2,8479661,8,07:05,TBL,14,Tampa Bay Lightning,517
13245228,0,01:19,17:34,,,647,Tanner,2023020001,#00205B,Jeannot,2,8479661,9,16:15,TBL,14,Tampa Bay Lightning,517
13245229,0,00:39,18:30,,,716,Tanner,2023020001,#00205B,Jeannot,2,8479661,10,17:51,TBL,14,Tampa Bay Lightning,517
13245230,0,00:17,01:17,,,751,Tanner,2023020001,#00205B,Jeannot,3,8479661,11,01:00,TBL,14,Tampa Bay Lightning,517
13245231,0,00:53,04:27,,,775,Tanner,2023020001,#00205B,Jeannot,3,8479661,12,03:34,TBL,14,Tampa Bay Lightning,517
13245232,0,00:24,06:29,,,797,Tanner,2023020001,#00205B,Jeannot,3,8479661,13,06:05,TBL,14,Tampa Bay Lightning,517
13245233,0,00:24,09:12,,,831,Tanner,2023020001,#00205B,Jeannot,3,8479661,14,08:48,TBL,14,Tampa Bay Lightning,517
13245234,0,01:29,13:55,,,1119,Tanner,2023020001,#00205B,Jeannot,3,8479661,15,12:26,TBL,14,Tampa Bay Lightning,517
13244786,0,00:58,02:20,,,66,Cody,2023020001,#FFB81C,Glass,1,8479996,1,01:22,NSH,18,Nashville Predators,517
13244787,0,00:38,05:14,,,205,Cody,2023020001,#FFB81C,Glass,1,8479996,2,04:36,NSH,18,Nashville Predators,517
13244788,0,00:54,08:25,,,243,Cody,2023020001,#FFB81C,Glass,1,8479996,3,07:31,NSH,18,Nashville Predators,517
13244789,0,00:55,11:35,,,281,Cody,2023020001,#FFB81C,Glass,1,8479996,4,10:40,NSH,18,Nashville Predators,517
13244790,0,00:57,13:02,,,295,Cody,2023020001,#FFB81C,Glass,1,8479996,5,12:05,NSH,18,Nashville Predators,517
13245235,0,00:38,17:52,,,453,Cody,2023020001,#FFB81C,Glass,1,8479996,6,17:14,NSH,18,Nashville Predators,517
13245236,0,00:49,02:21,,,497,Cody,2023020001,#FFB81C,Glass,2,8479996,7,01:32,NSH,18,Nashville Predators,517
13245237,0,00:37,05:23,,,528,Cody,2023020001,#FFB81C,Glass,2,8479996,8,04:46,NSH,18,Nashville Predators,517
13245238,0,00:48,07:38,,,548,Cody,2023020001,#FFB81C,Glass,2,8479996,9,06:50,NSH,18,Nashville Predators,517
13245239,0,01:47,11:51,,,583,Cody,2023020001,#FFB81C,Glass,2,8479996,10,10:04,NSH,18,Nashville Predators,517
13245240,0,00:50,14:08,,,624,Cody,2023020001,#FFB81C,Glass,2,8479996,11,13:18,NSH,18,Nashville Predators,517
13245241,0,00:17,01:17,,,750,Cody,2023020001,#FFB81C,Glass,3,8479996,12,01:00,NSH,18,Nashville Predators,517
13245242,0,00:35,03:34,,,768,Cody,2023020001,#FFB81C,Glass,3,8479996,13,02:59,NSH,18,Nashville Predators,517
13245243,0,02:24,08:25,,,798,Cody,2023020001,#FFB81C,Glass,3,8479996,14,06:01,NSH,18,Nashville Predators,517
13245244,0,00:50,14:00,,,1131,Cody,2023020001,#FFB81C,Glass,3,8479996,15,13:10,NSH,18,Nashville Predators,517
13245385,0,00:30,16:11,,,1155,Cody,2023020001,#FFB81C,Glass,3,8479996,16,15:41,NSH,18,Nashville Predators,517
13245386,0,01:02,19:24,,,1182,Cody,2023020001,#FFB81C,Glass,3,8479996,17,18:22,NSH,18,Nashville Predators,517
13244791,0,00:41,00:41,,,6,Nick,2023020001,#00205B,Perbix,1,8480246,1,00:00,TBL,14,Tampa Bay Lightning,517
13244792,0,00:48,03:07,,,79,Nick,2023020001,#00205B,Perbix,1,8480246,2,02:19,TBL,14,Tampa Bay Lightning,517
13244793,0,00:42,05:26,,,208,Nick,2023020001,#00205B,Perbix,1,8480246,3,04:44,TBL,14,Tampa Bay Lightning,517
13244794,0,00:45,07:48,,,234,Nick,2023020001,#00205B,Perbix,1,8480246,4,07:03,TBL,14,Tampa Bay Lightning,517
13244795,0,00:28,09:48,,,265,Nick,2023020001,#00205B,Perbix,1,8480246,5,09:20,TBL,14,Tampa Bay Lightning,517
13244796,0,00:55,12:05,,,287,Nick,2023020001,#00205B,Perbix,1,8480246,6,11:10,TBL,14,Tampa Bay Lightning,517
13245245,0,00:09,14:14,,,369,Nick,2023020001,#00205B,Perbix,1,8480246,7,14:05,TBL,14,Tampa Bay Lightning,517
13245246,0,00:45,17:18,,,399,Nick,2023020001,#00205B,Perbix,1,8480246,8,16:33,TBL,14,Tampa Bay Lightning,517
13245247,0,00:07,19:30,,,477,Nick,2023020001,#00205B,Perbix,1,8480246,9,19:23,TBL,14,Tampa Bay Lightning,517
13245248,0,00:36,04:46,,,519,Nick,2023020001,#00205B,Perbix,2,8480246,10,04:10,TBL,14,Tampa Bay Lightning,517
13245249,0,01:30,07:52,,,544,Nick,2023020001,#00205B,Perbix,2,8480246,11,06:22,TBL,14,Tampa Bay Lightning,517
13245250,0,00:11,10:04,,,578,Nick,2023020001,#00205B,Perbix,2,8480246,12,09:53,TBL,14,Tampa Bay Lightning,517
13245251,0,00:30,16:15,,,644,Nick,2023020001,#00205B,Perbix,2,8480246,13,15:45,TBL,14,Tampa Bay Lightning,517
13245252,0,00:39,18:30,,,716,Nick,2023020001,#00205B,Perbix,2,8480246,14,17:51,TBL,14,Tampa Bay Lightning,517
13245253,0,00:40,00:40,,,738,Nick,2023020001,#00205B,Perbix,3,8480246,15,00:00,TBL,14,Tampa Bay Lightning,517
13245254,0,00:42,04:40,,,777,Nick,2023020001,#00205B,Perbix,3,8480246,16,03:58,TBL,14,Tampa Bay Lightning,517
13245255,0,00:38,06:57,,,804,Nick,2023020001,#00205B,Perbix,3,8480246,17,06:19,TBL,14,Tampa Bay Lightning,517
13245256,0,00:56,09:44,,,831,Nick,2023020001,#00205B,Perbix,3,8480246,18,08:48,TBL,14,Tampa Bay Lightning,517
13244797,0,01:03,02:31,,,68,Kiefer,2023020001,#FFB81C,Sherwood,1,8480748,1,01:28,NSH,18,Nashville Predators,517
13244798,0,00:46,05:25,,,207,Kiefer,2023020001,#FFB81C,Sherwood,1,8480748,2,04:39,NSH,18,Nashville Predators,517
13244799,0,00:57,08:38,,,245,Kiefer,2023020001,#FFB81C,Sherwood,1,8480748,3,07:41,NSH,18,Nashville Predators,517
13244800,0,00:55,11:35,,,281,Kiefer,2023020001,#FFB81C,Sherwood,1,8480748,4,10:40,NSH,18,Nashville Predators,517
13245257,0,00:20,15:49,,,389,Kiefer,2023020001,#FFB81C,Sherwood,1,8480748,5,15:29,NSH,18,Nashville Predators,517
13245258,0,00:37,05:23,,,528,Kiefer,2023020001,#FFB81C,Sherwood,2,8480748,6,04:46,NSH,18,Nashville Predators,517
13245259,0,00:25,13:18,,,615,Kiefer,2023020001,#FFB81C,Sherwood,2,8480748,7,12:53,NSH,18,Nashville Predators,517
13245260,0,00:34,17:51,,,709,Kiefer,2023020001,#FFB81C,Sherwood,2,8480748,8,17:17,NSH,18,Nashville Predators,517
13245261,0,00:27,20:00,,,736,Kiefer,2023020001,#FFB81C,Sherwood,2,8480748,9,19:33,NSH,18,Nashville Predators,517
13245262,0,00:17,01:17,,,750,Kiefer,2023020001,#FFB81C,Sherwood,3,8480748,10,01:00,NSH,18,Nashville Predators,517
13245263,0,00:27,03:34,,,771,Kiefer,2023020001,#FFB81C,Sherwood,3,8480748,11,03:07,NSH,18,Nashville Predators,517
13245264,0,00:20,06:29,,,800,Kiefer,2023020001,#FFB81C,Sherwood,3,8480748,12,06:09,NSH,18,Nashville Predators,517
13245265,0,00:46,13:17,,,1126,Kiefer,2023020001,#FFB81C,Sherwood,3,8480748,13,12:31,NSH,18,Nashville Predators,517
13244801,0,00:55,03:05,,,73,Philip,2023020001,#FFB81C,Tomasino,1,8481577,1,02:10,NSH,18,Nashville Predators,517
13244802,0,00:51,06:12,,,216,Philip,2023020001,#FFB81C,Tomasino,1,8481577,2,05:21,NSH,18,Nashville Predators,517
13244803,0,01:12,09:35,,,253,Philip,2023020001,#FFB81C,Tomasino,1,8481577,3,08:23,NSH,18,Nashville Predators,517
13244804,0,00:16,11:35,,,288,Philip,2023020001,#FFB81C,Tomasino,1,8481577,4,11:19,NSH,18,Nashville Predators,517
13245266,0,01:16,14:18,,,356,Philip,2023020001,#FFB81C,Tomasino,1,8481577,5,13:02,NSH,18,Nashville Predators,517
13245267,0,01:08,18:24,,,455,Philip,2023020001,#FFB81C,Tomasino,1,8481577,6,17:16,NSH,18,Nashville Predators,517
13245268,0,00:59,03:24,,,505,Philip,2023020001,#FFB81C,Tomasino,2,8481577,7,02:25,NSH,18,Nashville Predators,517
13245269,0,00:41,06:02,,,534,Philip,2023020001,#FFB81C,Tomasino,2,8481577,8,05:21,NSH,18,Nashville Predators,517
13245270,0,00:32,10:04,,,575,Philip,2023020001,#FFB81C,Tomasino,2,8481577,9,09:32,NSH,18,Nashville Predators,517
13245271,0,01:08,12:53,,,599,Philip,2023020001,#FFB81C,Tomasino,2,8481577,10,11:45,NSH,18,Nashville Predators,517
13245272,0,00:39,18:30,,,715,Philip,2023020001,#FFB81C,Tomasino,2,8481577,11,17:51,NSH,18,Nashville Predators,517
13245273,0,00:20,01:00,,,745,Philip,2023020001,#FFB81C,Tomasino,3,8481577,12,00:40,NSH,18,Nashville Predators,517
13245274,0,01:46,05:20,,,776,Philip,2023020001,#FFB81C,Tomasino,3,8481577,13,03:34,NSH,18,Nashville Predators,517
13245275,0,00:23,08:48,,,827,Philip,2023020001,#FFB81C,Tomasino,3,8481577,14,08:25,NSH,18,Nashville Predators,517
13245276,0,00:20,11:12,,,1105,Philip,2023020001,#FFB81C,Tomasino,3,8481577,15,10:52,NSH,18,Nashville Predators,517
13245277,0,00:08,13:20,,,1132,Philip,2023020001,#FFB81C,Tomasino,3,8481577,16,13:12,NSH,18,Nashville Predators,517
13245278,0,00:54,15:03,,,1145,Philip,2023020001,#FFB81C,Tomasino,3,8481577,17,14:09,NSH,18,Nashville Predators,517
13245387,0,00:02,20:00,,,1197,Philip,2023020001,#FFB81C,Tomasino,3,8481577,18,19:58,NSH,18,Nashville Predators,517
13244805,0,00:30,00:30,,,7,Juuso,2023020001,#FFB81C,Parssinen,1,8481704,1,00:00,NSH,18,Nashville Predators,517
13244806,0,00:52,03:55,,,85,Juuso,2023020001,#FFB81C,Parssinen,1,8481704,2,03:03,NSH,18,Nashville Predators,517
13244807,0,00:57,07:05,,,225,Juuso,2023020001,#FFB81C,Parssinen,1,8481704,3,06:08,NSH,18,Nashville Predators,517
13244808,0,00:34,10:06,,,267,Juuso,2023020001,#FFB81C,Parssinen,1,8481704,4,09:32,NSH,18,Nashville Predators,517
13244809,0,00:30,12:05,,,291,Juuso,2023020001,#FFB81C,Parssinen,1,8481704,5,11:35,NSH,18,Nashville Predators,517
13245279,0,01:10,14:12,,,356,Juuso,2023020001,#FFB81C,Parssinen,1,8481704,6,13:02,NSH,18,Nashville Predators,517
13245280,0,00:47,04:09,,,514,Juuso,2023020001,#FFB81C,Parssinen,2,8481704,7,03:22,NSH,18,Nashville Predators,517
13245281,0,00:58,08:29,,,555,Juuso,2023020001,#FFB81C,Parssinen,2,8481704,8,07:31,NSH,18,Nashville Predators,517
13245282,0,00:53,12:45,,,603,Juuso,2023020001,#FFB81C,Parssinen,2,8481704,9,11:52,NSH,18,Nashville Predators,517
13245283,0,00:30,16:15,,,645,Juuso,2023020001,#FFB81C,Parssinen,2,8481704,10,15:45,NSH,18,Nashville Predators,517
13245284,0,00:39,18:30,,,715,Juuso,2023020001,#FFB81C,Parssinen,2,8481704,11,17:51,NSH,18,Nashville Predators,517
13245285,0,00:27,20:00,,,736,Juuso,2023020001,#FFB81C,Parssinen,2,8481704,12,19:33,NSH,18,Nashville Predators,517
13245334,803,,00:11,EVG,"Filip Forsberg, Ryan O'Reilly",740,Juuso,2023020001,#FFB81C,Parssinen,3,8481704,0,00:11,NSH,18,Nashville Predators,505
13245286,0,00:40,00:40,,,739,Juuso,2023020001,#FFB81C,Parssinen,3,8481704,13,00:00,NSH,18,Nashville Predators,517
13245287,0,00:42,03:07,,,763,Juuso,2023020001,#FFB81C,Parssinen,3,8481704,14,02:25,NSH,18,Nashville Predators,517
13245288,0,00:56,05:26,,,784,Juuso,2023020001,#FFB81C,Parssinen,3,8481704,15,04:30,NSH,18,Nashville Predators,517
13245289,0,00:37,07:06,,,807,Juuso,2023020001,#FFB81C,Parssinen,3,8481704,16,06:29,NSH,18,Nashville Predators,517
13245290,0,00:40,14:00,,,1134,Juuso,2023020001,#FFB81C,Parssinen,3,8481704,17,13:20,NSH,18,Nashville Predators,517
13245388,0,00:32,16:11,,,1154,Juuso,2023020001,#FFB81C,Parssinen,3,8481704,18,15:39,NSH,18,Nashville Predators,517
13245389,0,00:47,18:22,,,1177,Juuso,2023020001,#FFB81C,Parssinen,3,8481704,19,17:35,NSH,18,Nashville Predators,517
13245390,0,00:02,20:00,,,1197,Juuso,2023020001,#FFB81C,Parssinen,3,8481704,20,19:58,NSH,18,Nashville Predators,517
13244810,0,00:58,01:28,,,55,Cole,2023020001,#FFB81C,Smith,1,8482062,1,00:30,NSH,18,Nashville Predators,517
13244811,0,00:44,04:39,,,97,Cole,2023020001,#FFB81C,Smith,1,8482062,2,03:55,NSH,18,Nashville Predators,517
13244812,0,00:36,07:41,,,238,Cole,2023020001,#FFB81C,Smith,1,8482062,3,07:05,NSH,18,Nashville Predators,517
13244813,0,00:34,10:40,,,275,Cole,2023020001,#FFB81C,Smith,1,8482062,4,10:06,NSH,18,Nashville Predators,517
13245291,0,00:51,15:49,,,382,Cole,2023020001,#FFB81C,Smith,1,8482062,5,14:58,NSH,18,Nashville Predators,517
13245292,0,00:30,20:00,,,483,Cole,2023020001,#FFB81C,Smith,1,8482062,6,19:30,NSH,18,Nashville Predators,517
13245293,0,00:55,00:55,,,489,Cole,2023020001,#FFB81C,Smith,2,8482062,7,00:00,NSH,18,Nashville Predators,517
13245294,0,00:37,04:46,,,522,Cole,2023020001,#FFB81C,Smith,2,8482062,8,04:09,NSH,18,Nashville Predators,517
13245295,0,00:53,07:31,,,546,Cole,2023020001,#FFB81C,Smith,2,8482062,9,06:38,NSH,18,Nashville Predators,517
13245296,0,00:48,09:18,,,566,Cole,2023020001,#FFB81C,Smith,2,8482062,10,08:30,NSH,18,Nashville Predators,517
13245297,0,01:02,17:17,,,650,Cole,2023020001,#FFB81C,Smith,2,8482062,11,16:15,NSH,18,Nashville Predators,517
13245298,0,00:20,19:33,,,728,Cole,2023020001,#FFB81C,Smith,2,8482062,12,19:13,NSH,18,Nashville Predators,517
13245299,0,01:08,02:25,,,755,Cole,2023020001,#FFB81C,Smith,3,8482062,13,01:17,NSH,18,Nashville Predators,517
13245300,0,00:56,09:44,,,833,Cole,2023020001,#FFB81C,Smith,3,8482062,14,08:48,NSH,18,Nashville Predators,517
13245301,0,00:56,10:52,,,847,Cole,2023020001,#FFB81C,Smith,3,8482062,15,09:56,NSH,18,Nashville Predators,517
13245302,0,00:40,12:29,,,1116,Cole,2023020001,#FFB81C,Smith,3,8482062,16,11:49,NSH,18,Nashville Predators,517
13245391,0,00:24,16:35,,,1161,Cole,2023020001,#FFB81C,Smith,3,8482062,17,16:11,NSH,18,Nashville Predators,517
13244814,0,00:31,03:02,,,82,Luke,2023020001,#FFB81C,Evangelista,1,8482146,1,02:31,NSH,18,Nashville Predators,517
13244815,0,00:43,06:08,,,218,Luke,2023020001,#FFB81C,Evangelista,1,8482146,2,05:25,NSH,18,Nashville Predators,517
13244816,0,00:54,09:32,,,257,Luke,2023020001,#FFB81C,Evangelista,1,8482146,3,08:38,NSH,18,Nashville Predators,517
13245303,0,01:07,14:02,,,354,Luke,2023020001,#FFB81C,Evangelista,1,8482146,4,12:55,NSH,18,Nashville Predators,517
13245304,0,01:06,19:30,,,467,Luke,2023020001,#FFB81C,Evangelista,1,8482146,5,18:24,NSH,18,Nashville Predators,517
13245305,0,00:57,03:22,,,505,Luke,2023020001,#FFB81C,Evangelista,2,8482146,6,02:25,NSH,18,Nashville Predators,517
13245306,0,00:39,06:02,,,535,Luke,2023020001,#FFB81C,Evangelista,2,8482146,7,05:23,NSH,18,Nashville Predators,517
13245307,0,00:46,10:04,,,573,Luke,2023020001,#FFB81C,Evangelista,2,8482146,8,09:18,NSH,18,Nashville Predators,517
13245308,0,01:06,15:45,,,634,Luke,2023020001,#FFB81C,Evangelista,2,8482146,9,14:39,NSH,18,Nashville Predators,517
13245309,0,00:39,18:30,,,715,Luke,2023020001,#FFB81C,Evangelista,2,8482146,10,17:51,NSH,18,Nashville Predators,517
13245310,0,00:27,20:00,,,736,Luke,2023020001,#FFB81C,Evangelista,2,8482146,11,19:33,NSH,18,Nashville Predators,517
13245311,0,00:20,01:00,,,745,Luke,2023020001,#FFB81C,Evangelista,3,8482146,12,00:40,NSH,18,Nashville Predators,517
13245312,0,00:56,04:30,,,776,Luke,2023020001,#FFB81C,Evangelista,3,8482146,13,03:34,NSH,18,Nashville Predators,517
13245313,0,00:25,08:48,,,822,Luke,2023020001,#FFB81C,Evangelista,3,8482146,14,08:23,NSH,18,Nashville Predators,517
13245314,0,00:20,11:12,,,1105,Luke,2023020001,#FFB81C,Evangelista,3,8482146,15,10:52,NSH,18,Nashville Predators,517
13245392,0,01:03,15:03,,,1142,Luke,2023020001,#FFB81C,Evangelista,3,8482146,16,14:00,NSH,18,Nashville Predators,517
13245393,0,00:02,20:00,,,1197,Luke,2023020001,#FFB81C,Evangelista,3,8482146,17,19:58,NSH,18,Nashville Predators,517
13244817,0,00:49,02:12,,,64,Waltteri,2023020001,#00205B,Merela,1,8484325,1,01:23,TBL,14,Tampa Bay Lightning,517
13244818,0,00:54,05:33,,,206,Waltteri,2023020001,#00205B,Merela,1,8484325,2,04:39,TBL,14,Tampa Bay Lightning,517
13244819,0,00:46,08:43,,,248,Waltteri,2023020001,#00205B,Merela,1,8484325,3,07:57,TBL,14,Tampa Bay Lightning,517
13244820,0,00:34,10:40,,,276,Waltteri,2023020001,#00205B,Merela,1,8484325,4,10:06,TBL,14,Tampa Bay Lightning,517
13245315,0,00:25,13:38,,,358,Waltteri,2023020001,#00205B,Merela,1,8484325,5,13:13,TBL,14,Tampa Bay Lightning,517
13245316,0,01:03,19:29,,,468,Waltteri,2023020001,#00205B,Merela,1,8484325,6,18:26,TBL,14,Tampa Bay Lightning,517
13245317,0,00:36,04:46,,,519,Waltteri,2023020001,#00205B,Merela,2,8484325,7,04:10,TBL,14,Tampa Bay Lightning,517
13245318,0,00:59,07:55,,,552,Waltteri,2023020001,#00205B,Merela,2,8484325,8,06:56,TBL,14,Tampa Bay Lightning,517
13245319,0,00:42,12:30,,,601,Waltteri,2023020001,#00205B,Merela,2,8484325,9,11:48,TBL,14,Tampa Bay Lightning,517
13245320,0,00:39,18:30,,,716,Waltteri,2023020001,#00205B,Merela,2,8484325,10,17:51,TBL,14,Tampa Bay Lightning,517
13245321,0,00:17,01:17,,,751,Waltteri,2023020001,#00205B,Merela,3,8484325,11,01:00,TBL,14,Tampa Bay Lightning,517
13245322,0,00:52,04:26,,,775,Waltteri,2023020001,#00205B,Merela,3,8484325,12,03:34,TBL,14,Tampa Bay Lightning,517
13245323,0,00:25,06:29,,,796,Waltteri,2023020001,#00205B,Merela,3,8484325,13,06:04,TBL,14,Tampa Bay Lightning,517
13245324,0,00:29,07:35,,,813,Waltteri,2023020001,#00205B,Merela,3,8484325,14,07:06,TBL,14,Tampa Bay Lightning,517
13245325,0,00:24,09:12,,,831,Waltteri,2023020001,#00205B,Merela,3,8484325,15,08:48,TBL,14,Tampa Bay Lightning,517
13245326,0,00:27,14:22,,,1139,Waltteri,2023020001,#00205B,Merela,3,8484325,16,13:55,TBL,14,Tampa Bay Lightning,517
