eventId,timeInPeriod,timeRemaining,situationCode,homeTeamDefendingSide,typeCode,typeDescKey,sortOrder,pptReplayUrl,periodNumber,periodType,xCoord,yCoord,zoneCode,shotType,scoringPlayerId,playerId,shootingPlayerId,goalieInNetId,hittingPlayerId,hitteePlayerId,winningPlayerId,losingPlayerId,homePlayersOnIce,awayPlayersOnIce,homePlayersCount,awayPlayersCount
102,00:00,20:00,1551,left,520,period-start,8,,1,REG,,,,,,,,,,,,,[],[],0,0
101,00:00,20:00,1551,left,502,faceoff,9,,1,REG,0.0,0.0,N,,,,,,,,8475158.0,8478519.0,[],[],0,0
8,00:35,19:25,1551,left,516,stoppage,15,,1,REG,,,,,,,,,,,,,"[8474568, 8474600, 8475158, 8477424, 8478508, 8482062]","[8474564, 8475167, 8476453, 8477992, 8478519, 8480246]",6,6
103,00:35,19:25,1551,left,502,faceoff,17,,1,REG,-69.0,22.0,D,,,,,,,,8478519.0,8476925.0,"[8474568, 8474600, 8475158, 8477424, 8478508, 8482062]","[8474564, 8475167, 8476453, 8477992, 8478519, 8480246]",6,6
9,00:48,19:12,1551,left,503,hit,20,,1,REG,64.0,42.0,D,,,,,,8474568.0,8476453.0,,,"[8474568, 8474600, 8476925, 8477424, 8478508, 8482062]","[8474564, 8476453, 8477992, 8478010, 8478178, 8479410]",6,6
104,00:58,19:02,1551,left,504,giveaway,21,,1,REG,57.0,30.0,D,,,8482062.0,,,,,,,"[8474568, 8474600, 8476925, 8477424, 8478508, 8482062]","[8474564, 8476453, 8477992, 8478010, 8478178, 8479410]",6,6
63,01:01,18:59,1551,left,506,shot-on-goal,22,,1,REG,59.0,-26.0,O,wrist,,,8478178.0,8477424.0,,,,,"[8474568, 8474600, 8476925, 8477424, 8478508, 8482062]","[8474564, 8476453, 8477992, 8478010, 8478178, 8479410]",6,6
151,01:10,18:50,1551,left,506,shot-on-goal,23,,1,REG,81.0,8.0,O,tip-in,,,8478010.0,8477424.0,,,,,"[8474568, 8474600, 8476925, 8477424, 8478508, 8482062]","[8474564, 8476453, 8477992, 8478010, 8478178, 8479410]",6,6
10,01:36,18:24,1551,left,503,hit,30,,1,REG,-43.0,-40.0,D,,,,,,8478416.0,8479996.0,,,"[8474679, 8475197, 8477424, 8478468, 8479996, 8480748]","[8475177, 8476822, 8477992, 8478416, 8479661, 8484325]",6,6
70,01:47,18:13,1551,left,506,shot-on-goal,31,,1,REG,55.0,30.0,O,snap,,,8479661.0,8477424.0,,,,,"[8474679, 8475197, 8477424, 8478468, 8479996, 8480748]","[8475177, 8476822, 8477992, 8478416, 8479661, 8484325]",6,6
11,01:49,18:11,1551,left,516,stoppage,32,,1,REG,,,,,,,,,,,,,"[8474679, 8475197, 8477424, 8478468, 8479996, 8480748]","[8475177, 8476822, 8477992, 8478416, 8479661, 8484325]",6,6
105,01:49,18:11,1551,left,502,faceoff,33,,1,REG,69.0,22.0,D,,,,,,,,8479996.0,8479661.0,"[8474679, 8475197, 8477424, 8478468, 8479996, 8480748]","[8475177, 8476822, 8477992, 8478416, 8479661, 8484325]",6,6
12,01:57,18:03,1551,left,503,hit,34,,1,REG,-5.0,-40.0,N,,,,,,8484325.0,8474679.0,,,"[8474679, 8475197, 8477424, 8478468, 8479996, 8480748]","[8475177, 8476822, 8477992, 8478416, 8479661, 8484325]",6,6
13,02:06,17:54,1551,left,503,hit,35,,1,REG,70.0,-39.0,D,,,,,,8474679.0,8476822.0,,,"[8474679, 8475197, 8477424, 8478468, 8479996, 8480748]","[8475177, 8476822, 8477992, 8478416, 8479661, 8484325]",6,6
1801,02:15,17:45,1551,left,503,hit,40,,1,REG,-66.0,-40.0,O,,,,,,8479996.0,8479661.0,,,"[8474151, 8477424, 8478851, 8479996, 8480748, 8481577]","[8475177, 8476822, 8477839, 8477992, 8478416, 8479661]",6,6
106,02:25,17:35,1551,left,525,takeaway,45,,1,REG,79.0,-27.0,D,,,8474151.0,,,,,,,"[8474151, 8477424, 8478438, 8478851, 8480748, 8481577]","[8475167, 8477426, 8477839, 8477992, 8479661, 8480246]",6,6
152,02:57,17:03,1551,left,506,shot-on-goal,48,,1,REG,58.0,-30.0,O,wrist,,,8479591.0,8477424.0,,,,,"[8474151, 8477424, 8478438, 8478851, 8481577, 8482146]","[8475167, 8477426, 8477839, 8477992, 8479591, 8480246]",6,6
14,03:32,16:28,1551,left,503,hit,58,,1,REG,44.0,-38.0,D,,,,,,8476887.0,8479542.0,,,"[8474568, 8474600, 8475158, 8476887, 8477424, 8481704]","[8475177, 8477353, 8477992, 8478416, 8478519, 8479542]",6,6
95,03:51,16:09,1551,left,507,missed-shot,60,,1,REG,-64.0,34.0,O,wrist,,,8476887.0,8477992.0,,,,,"[8474151, 8474600, 8476887, 8477424, 8478851, 8481704]","[8475177, 8477353, 8477992, 8478416, 8478519, 8479542]",6,6
202,04:20,15:40,1551,left,507,missed-shot,69,,1,REG,83.0,19.0,O,slap,,,8474564.0,8477424.0,,,,,"[8474151, 8476925, 8477424, 8478508, 8478851, 8482062]","[8474564, 8476453, 8477992, 8478010, 8478178, 8479410]",6,6
15,04:26,15:34,1551,left,503,hit,70,,1,REG,97.0,-2.0,D,,,,,,8476925.0,8478010.0,,,"[8474151, 8476925, 8477424, 8478508, 8478851, 8482062]","[8474564, 8476453, 8477992, 8478010, 8478178, 8479410]",6,6
16,04:50,15:10,1551,left,503,hit,78,,1,REG,61.0,40.0,O,,,,,,8474564.0,8480748.0,,,"[8475197, 8477424, 8478468, 8478508, 8479996, 8480748]","[8474564, 8475167, 8477992, 8478010, 8480246, 8484325]",6,6
108,05:21,14:39,1551,left,504,giveaway,86,,1,REG,-22.0,-14.0,N,,,8480246.0,,,,,,,"[8474568, 8474600, 8474679, 8477424, 8478438, 8480748]","[8475167, 8476822, 8477992, 8479661, 8480246, 8484325]",6,6
110,05:35,14:25,1551,left,525,takeaway,92,,1,REG,31.0,30.0,O,,,8477426.0,,,,,,,"[8474568, 8474600, 8477424, 8478438, 8481577, 8482146]","[8475177, 8477426, 8477839, 8477992, 8478416, 8479591]",6,6
17,05:53,14:07,1551,left,503,hit,93,,1,REG,96.0,-23.0,D,,,,,,8474568.0,8477426.0,,,"[8474568, 8474600, 8477424, 8478438, 8481577, 8482146]","[8475177, 8477426, 8477839, 8477992, 8478416, 8479591]",6,6
18,06:04,13:56,1551,left,503,hit,96,,1,REG,-35.0,-40.0,D,,,,,,8478416.0,8481577.0,,,"[8474151, 8477424, 8478438, 8478851, 8481577, 8482146]","[8475177, 8477426, 8477839, 8477992, 8478416, 8479591]",6,6
233,06:58,13:02,1551,left,508,blocked-shot,106,,1,REG,-80.0,-4.0,D,,,,8475158.0,,,,,,"[8475158, 8475197, 8476887, 8477424, 8478468, 8481704]","[8477353, 8477992, 8478178, 8478519, 8479410, 8479542]",6,6
19,07:13,12:47,1551,left,503,hit,112,,1,REG,-99.0,-8.0,O,,,,,,8478508.0,8475167.0,,,"[8475197, 8476925, 8477424, 8478468, 8478508, 8482062]","[8474564, 8475167, 8476453, 8477992, 8478010, 8480246]",6,6
239,07:15,12:45,1551,left,506,shot-on-goal,113,,1,REG,-75.0,-15.0,O,snap,,,8478508.0,8477992.0,,,,,"[8475197, 8476925, 8477424, 8478468, 8478508, 8482062]","[8474564, 8475167, 8476453, 8477992, 8478010, 8480246]",6,6
1802,07:18,12:42,1551,left,503,hit,114,,1,REG,-98.0,-11.0,O,,,,,,8476925.0,8480246.0,,,"[8475197, 8476925, 8477424, 8478468, 8478508, 8482062]","[8474564, 8475167, 8476453, 8477992, 8478010, 8480246]",6,6
111,07:25,12:35,1551,left,525,takeaway,116,,1,REG,30.0,6.0,D,,,8482062.0,,,,,,,"[8474600, 8476925, 8477424, 8478468, 8478508, 8482062]","[8474564, 8475167, 8476453, 8477992, 8478010, 8480246]",6,6
242,07:32,12:28,1551,left,508,blocked-shot,119,,1,REG,-66.0,18.0,D,,,,8474600.0,,,,,,"[8474568, 8474600, 8477424, 8478508, 8479996, 8482062]","[8474564, 8475167, 8476453, 8477992, 8478010, 8480246]",6,6
20,08:05,11:55,1551,left,503,hit,125,,1,REG,67.0,39.0,D,,,,,,8474568.0,8476822.0,,,"[8474568, 8474600, 8474679, 8477424, 8479996, 8480748]","[8474564, 8475177, 8476822, 8477992, 8478416, 8484325]",6,6
254,08:26,11:34,1551,left,506,shot-on-goal,132,,1,REG,-47.0,-25.0,O,snap,,,8480748.0,8477992.0,,,,,"[8474151, 8477424, 8478438, 8478851, 8480748, 8481577]","[8475177, 8476822, 8477992, 8478178, 8479661, 8484325]",6,6
112,08:42,11:18,1551,left,525,takeaway,136,,1,REG,-10.0,-3.0,N,,,8479661.0,,,,,,,"[8474151, 8477424, 8478438, 8478851, 8481577, 8482146]","[8477426, 8477992, 8478178, 8479410, 8479661, 8484325]",6,6
261,08:55,11:05,1551,left,507,missed-shot,139,,1,REG,62.0,-14.0,O,snap,,,8477426.0,8477424.0,,,,,"[8474151, 8477424, 8478438, 8478851, 8481577, 8482146]","[8477426, 8477839, 8477992, 8478178, 8479410, 8479591]",6,6
21,09:05,10:55,1551,left,503,hit,141,,1,REG,-41.0,34.0,D,,,,,,8478178.0,8478438.0,,,"[8475197, 8477424, 8478438, 8478468, 8481577, 8482146]","[8477426, 8477839, 8477992, 8478178, 8479410, 8479591]",6,6
113,09:11,10:49,1551,left,525,takeaway,142,,1,REG,90.0,-20.0,D,,,8478468.0,,,,,,,"[8475197, 8477424, 8478438, 8478468, 8481577, 8482146]","[8477426, 8477839, 8477992, 8478178, 8479410, 8479591]",6,6
22,09:20,10:40,1551,left,516,stoppage,144,,1,REG,,,,,,,,,,,,,"[8475158, 8475197, 8477424, 8478468, 8481577, 8482146]","[8477426, 8477839, 8477992, 8478178, 8479410, 8479591]",6,6
114,09:20,10:40,1551,left,502,faceoff,146,,1,REG,69.0,-22.0,D,,,,,,,,8475158.0,8478010.0,"[8475158, 8475197, 8477424, 8478468, 8481577, 8482146]","[8477426, 8477839, 8477992, 8478178, 8479410, 8479591]",6,6
266,09:24,10:36,1551,left,506,shot-on-goal,147,,1,REG,34.0,31.0,O,wrist,,,8475167.0,8477424.0,,,,,"[8475158, 8475197, 8477424, 8478468, 8481577, 8482146]","[8474564, 8475167, 8476453, 8477992, 8478010, 8480246]",6,6
154,09:48,10:12,1551,left,505,goal,151,https://wsr.nhle.com/sprites/20232024/2023020001/ev154.json,1,REG,50.0,-16.0,O,slap,8476453.0,,,8477424.0,,,,,"[8474568, 8474600, 8475158, 8476887, 8477424, 8481704]","[8474564, 8475167, 8476453, 8477992, 8478010, 8480246]",6,6
115,09:48,10:12,1551,left,502,faceoff,153,,1,REG,0.0,0.0,N,,,,,,,,8475158.0,8478519.0,"[8474568, 8474600, 8475158, 8476887, 8477424, 8481704]","[8474564, 8475167, 8476453, 8477992, 8478010, 8480246]",6,6
23,10:01,09:59,1551,left,503,hit,154,,1,REG,-41.0,39.0,D,,,,,,8477353.0,8476887.0,,,"[8474568, 8474600, 8475158, 8476887, 8477424, 8481704]","[8477353, 8477992, 8478178, 8478519, 8479410, 8479542]",6,6
273,10:03,09:57,1551,left,507,missed-shot,155,,1,REG,9.0,35.0,N,wrist,,,8477353.0,8477424.0,,,,,"[8474568, 8474600, 8475158, 8476887, 8477424, 8481704]","[8477353, 8477992, 8478178, 8478519, 8479410, 8479542]",6,6
24,10:06,09:54,1551,left,516,stoppage,156,,1,REG,,,,,,,,,,,,,"[8474568, 8474600, 8475158, 8476887, 8477424, 8481704]","[8477353, 8477992, 8478178, 8478519, 8479410, 8479542]",6,6
117,10:06,09:54,1551,left,502,faceoff,159,,1,REG,69.0,22.0,O,,,,,,,,8476822.0,8476925.0,"[8474568, 8474600, 8475158, 8476887, 8477424, 8481704]","[8477353, 8477992, 8478178, 8478519, 8479410, 8479542]",6,6
277,10:15,09:45,1551,left,506,shot-on-goal,160,,1,REG,34.0,-31.0,O,snap,,,8478416.0,8477424.0,,,,,"[8474151, 8476925, 8477424, 8478508, 8478851, 8482062]","[8475177, 8476822, 8477992, 8478416, 8479661, 8484325]",6,6
278,10:18,09:42,1551,left,508,blocked-shot,161,,1,REG,66.0,18.0,D,,,,8479661.0,,,,,,"[8474151, 8476925, 8477424, 8478508, 8478851, 8482062]","[8475177, 8476822, 8477992, 8478416, 8479661, 8484325]",6,6
280,10:37,09:23,1551,left,506,shot-on-goal,162,,1,REG,63.0,-22.0,O,wrist,,,8476822.0,8477424.0,,,,,"[8474151, 8476925, 8477424, 8478508, 8478851, 8482062]","[8475177, 8476822, 8477992, 8478416, 8479661, 8484325]",6,6
25,10:40,09:20,1551,left,516,stoppage,163,,1,REG,,,,,,,,,,,,,"[8474151, 8476925, 8477424, 8478508, 8478851, 8482062]","[8475177, 8476822, 8477992, 8478416, 8479661, 8484325]",6,6
118,10:40,09:20,1551,left,502,faceoff,166,,1,REG,69.0,-22.0,O,,,,,,,,8474564.0,8479996.0,"[8474151, 8476925, 8477424, 8478508, 8478851, 8482062]","[8475177, 8476822, 8477992, 8478416, 8479661, 8484325]",6,6
284,10:52,09:08,1551,left,508,blocked-shot,167,,1,REG,83.0,6.0,D,,,,8474564.0,,,,,,"[8474568, 8474600, 8474679, 8477424, 8479996, 8480748]","[8474564, 8476453, 8477992, 8478010, 8478178, 8479410]",6,6
285,11:02,08:58,1551,left,506,shot-on-goal,168,,1,REG,81.0,-13.0,O,wrist,,,8478010.0,8477424.0,,,,,"[8474568, 8474600, 8474679, 8477424, 8479996, 8480748]","[8474564, 8476453, 8477992, 8478010, 8478178, 8479410]",6,6
120,11:08,08:52,1551,left,525,takeaway,169,,1,REG,-7.0,-36.0,N,,,8479410.0,,,,,,,"[8474568, 8474600, 8474679, 8477424, 8479996, 8480748]","[8474564, 8476453, 8477992, 8478010, 8478178, 8479410]",6,6
26,11:10,08:50,1551,left,516,stoppage,170,,1,REG,,,,,,,,,,,,,"[8474568, 8474600, 8474679, 8477424, 8479996, 8480748]","[8474564, 8476453, 8477992, 8478010, 8478178, 8479410]",6,6
121,11:10,08:50,1551,left,502,faceoff,172,,1,REG,69.0,22.0,D,,,,,,,,8479996.0,8477426.0,"[8474568, 8474600, 8474679, 8477424, 8479996, 8480748]","[8474564, 8476453, 8477992, 8478010, 8478178, 8479410]",6,6
289,11:33,08:27,1551,left,506,shot-on-goal,174,,1,REG,35.0,-1.0,O,wrist,,,8475167.0,8477424.0,,,,,"[8474568, 8474600, 8477424, 8479996, 8480748, 8481577]","[8475167, 8477426, 8477839, 8477992, 8479591, 8480246]",6,6
27,11:35,08:25,1551,left,516,stoppage,175,,1,REG,,,,,,,,,,,,,"[8474568, 8474600, 8477424, 8479996, 8480748, 8481577]","[8475167, 8477426, 8477839, 8477992, 8479591, 8480246]",6,6
122,11:35,08:25,1551,left,502,faceoff,178,,1,REG,69.0,-22.0,D,,,,,,,,8475158.0,8478519.0,"[8474568, 8474600, 8477424, 8479996, 8480748, 8481577]","[8475167, 8477426, 8477839, 8477992, 8479591, 8480246]",6,6
28,11:39,08:21,1551,left,503,hit,179,,1,REG,81.0,-37.0,O,,,,,,8477353.0,8478468.0,,,"[8475158, 8475197, 8476887, 8477424, 8478468, 8481704]","[8475167, 8477353, 8477992, 8478519, 8479542, 8480246]",6,6
293,11:48,08:12,1551,left,506,shot-on-goal,180,,1,REG,92.0,30.0,O,snap,,,8479542.0,8477424.0,,,,,"[8475158, 8475197, 8476887, 8477424, 8478468, 8481704]","[8475167, 8477353, 8477992, 8478519, 8479542, 8480246]",6,6
123,11:57,08:03,1551,left,504,giveaway,181,,1,REG,30.0,22.0,O,,,8475167.0,,,,,,,"[8475158, 8475197, 8476887, 8477424, 8478468, 8481704]","[8475167, 8477353, 8477992, 8478519, 8479542, 8480246]",6,6
297,12:05,07:55,1551,left,509,penalty,182,,1,REG,-94.0,-13.0,D,,,,,,,,,,"[8475158, 8475197, 8476887, 8477424, 8478468, 8481704]","[8475167, 8477353, 8477992, 8478519, 8479542, 8480246]",6,6
124,12:05,07:55,1541,left,502,faceoff,186,,1,REG,-69.0,-22.0,D,,,,,,,,8476822.0,8475158.0,"[8475158, 8475197, 8476887, 8477424, 8478468, 8481704]","[8475167, 8477353, 8477992, 8478519, 8479542, 8480246]",6,6
29,12:28,07:32,1541,left,503,hit,187,,1,REG,-54.0,-40.0,D,,,,,,8478416.0,8475158.0,,,"[8474600, 8475158, 8476887, 8477424, 8478438, 8479996]","[8476822, 8477353, 8477992, 8478416, 8479410]",6,5
125,12:45,07:15,1541,left,504,giveaway,189,,1,REG,-34.0,-7.0,O,,,8478438.0,,,,,,,"[8474600, 8475158, 8476887, 8477424, 8478438, 8479996]","[8477992, 8478416, 8478519, 8479410, 8479542]",6,5
30,13:09,06:51,1541,left,503,hit,197,,1,REG,-98.0,-19.0,D,,,,,,8475177.0,8482146.0,,,"[8474679, 8475197, 8477424, 8481577, 8481704, 8482146]","[8475167, 8475177, 8477426, 8477992, 8479542]",6,5
359,13:15,06:45,1541,left,507,missed-shot,199,,1,REG,64.0,-13.0,O,snap,,,8477426.0,8477424.0,,,,,"[8474679, 8475197, 8477424, 8481577, 8481704, 8482146]","[8475167, 8475177, 8477426, 8477992, 8484325]",6,5
126,13:29,06:31,1541,left,525,takeaway,203,,1,REG,67.0,-33.0,O,,,8484325.0,,,,,,,"[8474679, 8475197, 8477424, 8481577, 8481704, 8482146]","[8476822, 8477992, 8478416, 8479410, 8484325]",6,5
31,14:13,05:47,1551,left,535,delayed-penalty,213,,1,REG,,,,,,,,,,,,,"[8474151, 8476925, 8477424, 8478508, 8478851, 8481577]","[8474564, 8477992, 8478010, 8478416, 8479410, 8480246]",6,6
376,14:18,05:42,1551,left,509,penalty,216,,1,REG,-72.0,20.0,O,,,,,,,,,,"[8474151, 8476925, 8477424, 8478508, 8478851, 8481577]","[8474564, 8475167, 8476453, 8477992, 8478010, 8478178]",6,6
32,14:18,05:42,1451,left,516,stoppage,219,,1,REG,,,,,,,,,,,,,"[8474151, 8476925, 8477424, 8478508, 8478851, 8481577]","[8474564, 8475167, 8476453, 8477992, 8478010, 8478178]",6,6
127,14:18,05:42,1451,left,502,faceoff,221,,1,REG,69.0,22.0,O,,,,,,,,8477426.0,8475158.0,"[8474151, 8476925, 8477424, 8478508, 8478851, 8481577]","[8474564, 8475167, 8476453, 8477992, 8478010, 8478178]",6,6
380,14:27,05:33,1451,left,506,shot-on-goal,222,,1,REG,34.0,8.0,O,slap,,,8475167.0,8477424.0,,,,,"[8474151, 8475158, 8477424, 8478508, 8478851]","[8474564, 8475167, 8476453, 8477426, 8477992, 8478010]",5,6
33,14:28,05:32,1451,left,516,stoppage,223,,1,REG,,,,,,,,,,,,,"[8474151, 8475158, 8477424, 8478508, 8478851]","[8474564, 8475167, 8476453, 8477426, 8477992, 8478010]",5,6
128,14:28,05:32,1451,left,502,faceoff,224,,1,REG,69.0,22.0,D,,,,,,,,8475158.0,8477426.0,"[8474151, 8475158, 8477424, 8478508, 8478851]","[8474564, 8475167, 8476453, 8477426, 8477992, 8478010]",5,6
129,14:55,05:05,1451,left,504,giveaway,225,,1,REG,97.0,-10.0,O,,,8477426.0,,,,,,,"[8474151, 8475158, 8477424, 8478508, 8478851]","[8474564, 8475167, 8476453, 8477426, 8477992, 8478010]",5,6
34,15:49,04:11,1451,left,516,stoppage,235,,1,REG,,,,,,,,,,,,,"[8474151, 8477424, 8478851, 8480748, 8482062]","[8477839, 8477992, 8478519, 8479410, 8479542, 8479661]",5,6
130,15:49,04:11,1451,left,502,faceoff,237,,1,REG,69.0,22.0,O,,,,,,,,8479542.0,8475158.0,"[8474151, 8477424, 8478851, 8480748, 8482062]","[8477839, 8477992, 8478519, 8479410, 8479542, 8479661]",5,6
397,16:27,03:33,1551,left,508,blocked-shot,242,,1,REG,73.0,-7.0,D,,,,8479410.0,,,,,,"[8474600, 8475158, 8475197, 8476925, 8477424, 8478508]","[8477839, 8477992, 8478416, 8478519, 8479410, 8479661]",6,6
35,16:33,03:27,1551,left,516,stoppage,243,,1,REG,,,,,,,,,,,,,"[8474600, 8475158, 8475197, 8476925, 8477424, 8478508]","[8477839, 8477992, 8478416, 8478519, 8479410, 8479661]",6,6
131,16:33,03:27,1551,left,502,faceoff,245,,1,REG,69.0,-22.0,O,,,,,,,,8474564.0,8475158.0,"[8474600, 8475158, 8475197, 8476925, 8477424, 8478508]","[8477839, 8477992, 8478416, 8478519, 8479410, 8479661]",6,6
400,16:36,03:24,1551,left,507,missed-shot,246,,1,REG,67.0,18.0,O,wrist,,,8475167.0,8477424.0,,,,,"[8474600, 8475158, 8475197, 8476925, 8477424, 8478508]","[8474564, 8475167, 8476453, 8477992, 8478010, 8480246]",6,6
36,16:55,03:05,1551,left,516,stoppage,247,,1,REG,,,,,,,,,,,,,"[8474600, 8475158, 8475197, 8476925, 8477424, 8478508]","[8474564, 8475167, 8476453, 8477992, 8478010, 8480246]",6,6
132,16:55,03:05,1551,left,502,faceoff,248,,1,REG,69.0,-22.0,D,,,,,,,,8475158.0,8474564.0,"[8474600, 8475158, 8475197, 8476925, 8477424, 8478508]","[8474564, 8475167, 8476453, 8477992, 8478010, 8480246]",6,6
133,17:00,03:00,1551,left,525,takeaway,249,,1,REG,36.0,-20.0,O,,,8476453.0,,,,,,,"[8474600, 8475158, 8475197, 8476925, 8477424, 8478508]","[8474564, 8475167, 8476453, 8477992, 8478010, 8480246]",6,6
138,17:03,02:57,1551,left,504,giveaway,250,,1,REG,77.0,-5.0,O,,,8476453.0,,,,,,,"[8474600, 8475158, 8475197, 8476925, 8477424, 8478508]","[8474564, 8475167, 8476453, 8477992, 8478010, 8480246]",6,6
458,17:23,02:37,1551,left,508,blocked-shot,257,,1,REG,-69.0,-17.0,D,,,,8479996.0,,,,,,"[8474568, 8476887, 8477424, 8478468, 8479996, 8481577]","[8474564, 8475177, 8476453, 8477426, 8477992, 8478416]",6,6
37,17:33,02:27,1551,left,503,hit,258,,1,REG,-93.0,29.0,O,,,,,,8479996.0,8478416.0,,,"[8474568, 8476887, 8477424, 8478468, 8479996, 8481577]","[8474564, 8475177, 8476453, 8477426, 8477992, 8478416]",6,6
463,17:53,02:07,1551,left,508,blocked-shot,263,,1,REG,-59.0,2.0,D,,,,8481577.0,,,,,,"[8474679, 8477424, 8478438, 8478468, 8478851, 8481577]","[8475177, 8477426, 8477839, 8477992, 8478416, 8479591]",6,6
38,18:05,01:55,1551,left,503,hit,266,,1,REG,99.0,-14.0,D,,,,,,8478468.0,8477839.0,,,"[8474679, 8477424, 8478438, 8478468, 8478851, 8481577]","[8477426, 8477839, 8477992, 8478178, 8479410, 8479591]",6,6
135,18:13,01:47,1551,left,504,giveaway,267,,1,REG,55.0,29.0,O,,,8477426.0,,,,,,,"[8474679, 8477424, 8478438, 8478468, 8478851, 8481577]","[8477426, 8477839, 8477992, 8478178, 8479410, 8479591]",6,6
472,18:54,01:06,1551,left,507,missed-shot,274,,1,REG,79.0,23.0,O,snap,,,8479661.0,8477424.0,,,,,"[8474151, 8474679, 8475197, 8477424, 8478438, 8482146]","[8476822, 8477992, 8478178, 8479410, 8479661, 8484325]",6,6
136,19:04,00:56,1551,left,504,giveaway,276,,1,REG,78.0,28.0,O,,,8479661.0,,,,,,,"[8474151, 8474679, 8475197, 8477424, 8478438, 8482146]","[8476822, 8477992, 8478178, 8479410, 8479661, 8484325]",6,6
1803,19:27,00:33,1551,left,503,hit,282,,1,REG,53.0,-39.0,D,,,,,,8474568.0,8484325.0,,,"[8474568, 8474600, 8475158, 8476887, 8477424, 8482146]","[8475167, 8476822, 8477992, 8479661, 8480246, 8484325]",6,6
484,19:30,00:30,1551,left,509,penalty,285,,1,REG,30.0,-25.0,D,,,,,,,,,,"[8474568, 8474600, 8475158, 8476887, 8477424, 8482146]","[8474564, 8475167, 8477992, 8478519, 8479661, 8480246]",6,6
137,19:30,00:30,1451,left,502,faceoff,289,,1,REG,69.0,22.0,O,,,,,,,,8474564.0,8476925.0,"[8474568, 8474600, 8475158, 8476887, 8477424, 8482146]","[8474564, 8475167, 8477992, 8478519, 8479661, 8480246]",6,6
155,19:42,00:18,1451,left,507,missed-shot,290,,1,REG,63.0,15.0,O,snap,,,8474564.0,8477424.0,,,,,"[8474151, 8476925, 8477424, 8478851, 8482062]","[8474564, 8475167, 8476453, 8477426, 8477992, 8478010]",5,6
39,20:00,00:00,1451,left,521,period-end,291,,1,REG,,,,,,,,,,,,,"[8474151, 8476925, 8477424, 8478851, 8482062]","[8474564, 8475167, 8476453, 8477426, 8477992, 8478010]",5,6
140,00:00,20:00,1451,right,520,period-start,297,,2,REG,,,,,,,,,,,,,[],[],0,0
139,00:00,20:00,1451,right,502,faceoff,299,,2,REG,0.0,0.0,N,,,,,,,,8476925.0,8474564.0,[],[],0,0
156,00:50,19:10,1451,right,508,blocked-shot,300,,2,REG,-67.0,-8.0,D,,,,8474564.0,,,,,,"[8474151, 8476925, 8477424, 8478851, 8482062]","[8474564, 8475167, 8476453, 8477426, 8477992, 8478010]",5,6
490,00:53,19:07,1451,right,506,shot-on-goal,301,,2,REG,-74.0,17.0,O,wrist,,,8476453.0,8477424.0,,,,,"[8474151, 8476925, 8477424, 8478851, 8482062]","[8474564, 8475167, 8476453, 8477426, 8477992, 8478010]",5,6
44,00:55,19:05,1451,right,516,stoppage,302,,2,REG,,,,,,,,,,,,,"[8474151, 8476925, 8477424, 8478851, 8482062]","[8474564, 8475167, 8476453, 8477426, 8477992, 8478010]",5,6
141,00:55,19:05,1451,right,502,faceoff,304,,2,REG,-69.0,22.0,O,,,,,,,,8474564.0,8475158.0,"[8474151, 8476925, 8477424, 8478851, 8482062]","[8474564, 8475167, 8476453, 8477426, 8477992, 8478010]",5,6
45,01:32,18:28,1551,right,516,stoppage,307,,2,REG,,,,,,,,,,,,,"[8474568, 8474600, 8475158, 8477424, 8478468, 8478508]","[8474564, 8475167, 8476453, 8477992, 8478010, 8478178]",6,6
142,01:32,18:28,1551,right,502,faceoff,309,,2,REG,69.0,-22.0,O,,,,,,,,8479996.0,8474564.0,"[8474568, 8474600, 8475158, 8477424, 8478468, 8478508]","[8474564, 8475167, 8476453, 8477992, 8478010, 8478178]",6,6
157,02:02,17:58,1551,right,508,blocked-shot,311,,2,REG,76.0,-19.0,O,,,,8476887.0,,,,,,"[8474600, 8474679, 8475197, 8476887, 8477424, 8479996]","[8475167, 8476453, 8477992, 8478010, 8478178, 8479542]",6,6
500,02:07,17:53,1551,right,506,shot-on-goal,313,,2,REG,-88.0,-8.0,O,wrist,,,8476453.0,8477424.0,,,,,"[8474600, 8474679, 8475197, 8476887, 8477424, 8479996]","[8476453, 8477992, 8478010, 8478178, 8479410, 8479542]",6,6
46,02:25,17:35,1551,right,516,stoppage,316,,2,REG,,,,,,,,,,,,,"[8474600, 8474679, 8475197, 8476887, 8477424, 8478438]","[8476453, 8477992, 8478178, 8478519, 8479410, 8479542]",6,6
143,02:25,17:35,1551,right,502,faceoff,319,,2,REG,-20.0,-22.0,N,,,,,,,,8478519.0,8478438.0,"[8474600, 8474679, 8475197, 8476887, 8477424, 8478438]","[8476453, 8477992, 8478178, 8478519, 8479410, 8479542]",6,6
506,02:44,17:16,1551,right,507,missed-shot,320,,2,REG,-69.0,20.0,O,wrist,,,8479542.0,8477424.0,,,,,"[8474568, 8477424, 8478438, 8478468, 8481577, 8482146]","[8477353, 8477992, 8478178, 8478519, 8479410, 8479542]",6,6
507,02:54,17:06,1551,right,507,missed-shot,321,,2,REG,-31.0,-6.0,O,slap,,,8479542.0,8477424.0,,,,,"[8474568, 8477424, 8478438, 8478468, 8481577, 8482146]","[8477353, 8477992, 8478178, 8478519, 8479410, 8479542]",6,6
158,03:12,16:48,1551,right,506,shot-on-goal,325,,2,REG,-84.0,-22.0,O,slap,,,8478519.0,8477424.0,,,,,"[8474151, 8474568, 8477424, 8478438, 8481577, 8482146]","[8475177, 8477353, 8477992, 8478416, 8478519, 8479542]",6,6
651,03:47,16:13,1551,right,508,blocked-shot,331,,2,REG,-73.0,1.0,O,,,,8477839.0,,,,,,"[8474151, 8475158, 8476887, 8477424, 8478851, 8481704]","[8475177, 8477426, 8477839, 8477992, 8478416, 8479591]",6,6
516,04:00,16:00,1551,right,506,shot-on-goal,332,,2,REG,-53.0,27.0,O,wrist,,,8478416.0,8477424.0,,,,,"[8474151, 8475158, 8476887, 8477424, 8478851, 8481704]","[8475177, 8477426, 8477839, 8477992, 8478416, 8479591]",6,6
524,04:15,15:45,1551,right,507,missed-shot,339,,2,REG,79.0,3.0,O,tip-in,,,8482062.0,8477992.0,,,,,"[8474151, 8475158, 8475197, 8477424, 8478508, 8482062]","[8475167, 8476822, 8477992, 8479661, 8480246, 8484325]",6,6
159,04:43,15:17,1551,right,506,shot-on-goal,341,,2,REG,72.0,39.0,O,wrist,,,8478468.0,8477992.0,,,,,"[8475197, 8476925, 8477424, 8478468, 8478508, 8482062]","[8475167, 8476822, 8477992, 8479661, 8480246, 8484325]",6,6
526,04:44,15:16,1551,right,506,shot-on-goal,342,,2,REG,81.0,1.0,O,poke,,,8476925.0,8477992.0,,,,,"[8475197, 8476925, 8477424, 8478468, 8478508, 8482062]","[8475167, 8476822, 8477992, 8479661, 8480246, 8484325]",6,6
47,04:46,15:14,1551,right,516,stoppage,343,,2,REG,,,,,,,,,,,,,"[8475197, 8476925, 8477424, 8478468, 8478508, 8482062]","[8475167, 8476822, 8477992, 8479661, 8480246, 8484325]",6,6
144,04:46,15:14,1551,right,502,faceoff,346,,2,REG,69.0,22.0,D,,,,,,,,8474564.0,8479996.0,"[8475197, 8476925, 8477424, 8478468, 8478508, 8482062]","[8475167, 8476822, 8477992, 8479661, 8480246, 8484325]",6,6
530,04:50,15:10,1551,right,506,shot-on-goal,347,,2,REG,74.0,12.0,O,wrist,,,8474679.0,8477992.0,,,,,"[8474568, 8474600, 8474679, 8477424, 8479996, 8480748]","[8474564, 8476453, 8477992, 8478010, 8478178, 8479410]",6,6
48,04:55,15:05,1551,right,503,hit,348,,2,REG,-36.0,-38.0,D,,,,,,8480748.0,8478010.0,,,"[8474568, 8474600, 8474679, 8477424, 8479996, 8480748]","[8474564, 8476453, 8477992, 8478010, 8478178, 8479410]",6,6
531,05:12,14:48,1551,right,506,shot-on-goal,349,,2,REG,-91.0,-17.0,O,backhand,,,8478178.0,8477424.0,,,,,"[8474568, 8474600, 8474679, 8477424, 8479996, 8480748]","[8474564, 8476453, 8477992, 8478010, 8478178, 8479410]",6,6
1804,05:39,14:21,1551,right,503,hit,355,,2,REG,93.0,-32.0,D,,,,,,8478416.0,8481577.0,,,"[8474151, 8477424, 8478438, 8478851, 8481577, 8482146]","[8474564, 8476453, 8477992, 8478010, 8478416, 8479410]",6,6
49,06:02,13:58,1551,right,516,stoppage,358,,2,REG,,,,,,,,,,,,,"[8474151, 8477424, 8478438, 8478851, 8481577, 8482146]","[8474564, 8475177, 8477426, 8477839, 8477992, 8478416]",6,6
145,06:02,13:58,1551,right,502,faceoff,361,,2,REG,69.0,-22.0,O,,,,,,,,8476925.0,8477426.0,"[8474151, 8477424, 8478438, 8478851, 8481577, 8482146]","[8474564, 8475177, 8477426, 8477839, 8477992, 8478416]",6,6
542,06:06,13:54,1551,right,508,blocked-shot,362,,2,REG,48.0,-1.0,D,,,,8476887.0,,,,,,"[8474600, 8475197, 8476887, 8476925, 8477424, 8478508]","[8475177, 8477426, 8477839, 8477992, 8478416, 8479591]",6,6
652,06:10,13:50,1551,right,508,blocked-shot,363,,2,REG,82.0,16.0,D,,,,8478508.0,,,,,,"[8474600, 8475197, 8476887, 8476925, 8477424, 8478508]","[8475177, 8477426, 8477839, 8477992, 8478416, 8479591]",6,6
1805,06:14,13:46,1551,right,503,hit,364,,2,REG,98.0,14.0,D,,,,,,8477426.0,8476925.0,,,"[8474600, 8475197, 8476887, 8476925, 8477424, 8478508]","[8475177, 8477426, 8477839, 8477992, 8478416, 8479591]",6,6
50,06:14,13:46,1551,right,503,hit,365,,2,REG,83.0,36.0,O,,,,,,8478508.0,8478416.0,,,"[8474600, 8475197, 8476887, 8476925, 8477424, 8478508]","[8475177, 8477426, 8477839, 8477992, 8478416, 8479591]",6,6
653,06:40,13:20,1551,right,508,blocked-shot,369,,2,REG,56.0,26.0,D,,,,8474600.0,,,,,,"[8474568, 8474600, 8476925, 8477424, 8478508, 8482062]","[8475177, 8477426, 8477839, 8477992, 8479591, 8480246]",6,6
146,06:55,13:05,1551,right,504,giveaway,374,,2,REG,38.0,26.0,O,,,8474568.0,,,,,,,"[8474568, 8474679, 8477424, 8478468, 8479996, 8482062]","[8475167, 8476822, 8477839, 8477992, 8479591, 8480246]",6,6
1806,06:59,13:01,1551,right,503,hit,376,,2,REG,-70.0,41.0,D,,,,,,8478468.0,8476822.0,,,"[8474568, 8474679, 8477424, 8478468, 8479996, 8482062]","[8475167, 8476822, 8477992, 8479591, 8480246, 8484325]",6,6
301,06:59,13:01,1551,right,503,hit,377,,2,REG,-85.0,-33.0,D,,,,,,8482062.0,8479591.0,,,"[8474568, 8474679, 8477424, 8478468, 8479996, 8482062]","[8475167, 8476822, 8477992, 8479591, 8480246, 8484325]",6,6
147,07:21,12:39,1551,right,525,takeaway,380,,2,REG,40.0,-16.0,O,,,8482062.0,,,,,,,"[8474679, 8477424, 8478468, 8478851, 8479996, 8482062]","[8475167, 8476822, 8477992, 8479661, 8480246, 8484325]",6,6
654,07:24,12:36,1551,right,508,blocked-shot,381,,2,REG,46.0,-12.0,D,,,,8482062.0,,,,,,"[8474679, 8477424, 8478468, 8478851, 8479996, 8482062]","[8475167, 8476822, 8477992, 8479661, 8480246, 8484325]",6,6
302,07:44,12:16,1551,right,503,hit,386,,2,REG,-10.0,-40.0,N,,,,,,8479661.0,8478851.0,,,"[8474151, 8475158, 8476887, 8477424, 8478851, 8481704]","[8475167, 8477992, 8478519, 8479661, 8480246, 8484325]",6,6
559,07:44,12:16,1551,right,508,blocked-shot,387,,2,REG,59.0,22.0,D,,,,8476887.0,,,,,,"[8474151, 8475158, 8476887, 8477424, 8478851, 8481704]","[8475167, 8477992, 8478519, 8479661, 8480246, 8484325]",6,6
160,07:54,12:06,1551,right,508,blocked-shot,389,,2,REG,-59.0,17.0,D,,,,8484325.0,,,,,,"[8474151, 8475158, 8476887, 8477424, 8478851, 8481704]","[8475177, 8477992, 8478416, 8478519, 8479661, 8484325]",6,6
564,08:20,11:40,1551,right,508,blocked-shot,393,,2,REG,-65.0,3.0,D,,,,8475177.0,,,,,,"[8474151, 8474600, 8475158, 8476887, 8477424, 8481704]","[8475177, 8477353, 8477992, 8478416, 8478519, 8479542]",6,6
148,09:22,10:38,1551,right,525,takeaway,403,,2,REG,11.0,-10.0,N,,,8478438.0,,,,,,,"[8474568, 8477424, 8478438, 8478468, 8478508, 8482146]","[8477353, 8477992, 8478010, 8478178, 8479410, 8479542]",6,6
574,09:25,10:35,1551,right,508,blocked-shot,404,,2,REG,57.0,26.0,D,,,,8478468.0,,,,,,"[8474568, 8477424, 8478438, 8478468, 8478508, 8482146]","[8477353, 8477992, 8478010, 8478178, 8479410, 8479542]",6,6
161,09:42,10:18,1551,right,508,blocked-shot,408,,2,REG,78.0,5.0,D,,,,8478438.0,,,,,,"[8474568, 8477424, 8478438, 8478468, 8481577, 8482146]","[8474564, 8476453, 8477992, 8478010, 8478178, 8479410]",6,6
304,09:56,10:04,0651,right,535,delayed-penalty,411,,2,REG,,,,,,,,,,,,,"[8474568, 8475158, 8478438, 8478468, 8481577, 8482146]","[8474564, 8476453, 8477992, 8478010, 8479410, 8480246]",6,6
584,10:04,09:56,0651,right,509,penalty,413,,2,REG,36.0,41.0,D,,,,,,,,,,"[8474568, 8474600, 8475158, 8478438, 8481577, 8482146]","[8474564, 8476453, 8477992, 8478010, 8479410, 8480246]",6,6
305,10:04,09:56,0641,right,516,stoppage,415,,2,REG,,,,,,,,,,,,,"[8474568, 8474600, 8475158, 8478438, 8481577, 8482146]","[8474564, 8476453, 8477992, 8478010, 8479410, 8480246]",6,6
150,10:04,09:56,1541,right,502,faceoff,418,,2,REG,69.0,22.0,D,,,,,,,,8476822.0,8475158.0,"[8474568, 8474600, 8475158, 8478438, 8481577, 8482146]","[8474564, 8476453, 8477992, 8478010, 8479410, 8480246]",6,6
162,10:33,09:27,1541,right,506,shot-on-goal,419,,2,REG,82.0,1.0,O,snap,,,8475158.0,8477992.0,,,,,"[8474600, 8475158, 8476887, 8477424, 8478438, 8479996]","[8476822, 8477353, 8477992, 8478416, 8479410]",6,5
587,10:36,09:24,1541,right,508,blocked-shot,420,,2,REG,60.0,-14.0,D,,,,8476887.0,,,,,,"[8474600, 8475158, 8476887, 8477424, 8478438, 8479996]","[8476822, 8477353, 8477992, 8478416, 8479410]",6,5
591,11:02,08:58,1541,right,507,missed-shot,424,,2,REG,60.0,-23.0,O,slap,,,8474600.0,8477992.0,,,,,"[8474600, 8475158, 8476887, 8477424, 8478438, 8479996]","[8475167, 8475177, 8477992, 8478519, 8479542]",6,5
306,11:04,08:56,1541,right,516,stoppage,425,,2,REG,,,,,,,,,,,,,"[8474600, 8475158, 8476887, 8477424, 8478438, 8479996]","[8475167, 8475177, 8477992, 8478519, 8479542]",6,5
401,11:04,08:56,1541,right,502,faceoff,427,,2,REG,69.0,-22.0,O,,,,,,,,8475158.0,8478519.0,"[8474600, 8475158, 8476887, 8477424, 8478438, 8479996]","[8475167, 8475177, 8477992, 8478519, 8479542]",6,5
594,11:10,08:50,1541,right,507,missed-shot,428,,2,REG,60.0,30.0,O,wrist,,,8474600.0,8477992.0,,,,,"[8474600, 8475158, 8475197, 8476887, 8477424, 8479996]","[8475167, 8475177, 8477992, 8478519, 8479542]",6,5
595,11:29,08:31,1541,right,506,shot-on-goal,429,,2,REG,75.0,-16.0,O,wrist,,,8479996.0,8477992.0,,,,,"[8474600, 8475158, 8475197, 8476887, 8477424, 8479996]","[8475167, 8475177, 8477992, 8478519, 8479542]",6,5
596,11:30,08:30,1541,right,506,shot-on-goal,430,,2,REG,80.0,8.0,O,wrist,,,8474600.0,8477992.0,,,,,"[8474600, 8475158, 8475197, 8476887, 8477424, 8479996]","[8475167, 8475177, 8477992, 8478519, 8479542]",6,5
597,11:39,08:21,1541,right,508,blocked-shot,431,,2,REG,66.0,11.0,D,,,,8474600.0,,,,,,"[8474600, 8475158, 8475197, 8476887, 8477424, 8479996]","[8475167, 8475177, 8477992, 8478519, 8479542]",6,5
607,12:07,07:53,1551,right,508,blocked-shot,441,,2,REG,80.0,1.0,D,,,,8478851.0,,,,,,"[8474151, 8474679, 8477424, 8478851, 8481577, 8481704]","[8474564, 8476822, 8477992, 8478178, 8479410, 8484325]",6,6
307,12:30,07:30,1551,right,516,stoppage,443,,2,REG,,,,,,,,,,,,,"[8474151, 8474679, 8477424, 8478851, 8481577, 8481704]","[8474564, 8477992, 8478010, 8478178, 8479410, 8484325]",6,6
402,12:30,07:30,1551,right,502,faceoff,445,,2,REG,-69.0,22.0,O,,,,,,,,8474564.0,8481704.0,"[8474151, 8474679, 8477424, 8478851, 8481577, 8481704]","[8474564, 8477992, 8478010, 8478178, 8479410, 8484325]",6,6
308,12:37,07:23,1551,right,516,stoppage,446,,2,REG,,,,,,,,,,,,,"[8474151, 8474679, 8477424, 8478851, 8481577, 8481704]","[8474564, 8476453, 8477992, 8478010, 8478178, 8479410]",6,6
403,12:37,07:23,1551,right,502,faceoff,447,,2,REG,-69.0,22.0,O,,,,,,,,8474564.0,8481704.0,"[8474151, 8474679, 8477424, 8478851, 8481577, 8481704]","[8474564, 8476453, 8477992, 8478010, 8478178, 8479410]",6,6
1807,12:58,07:02,1551,right,503,hit,452,,2,REG,69.0,-38.0,O,,,,,,8478508.0,8479410.0,,,"[8474568, 8476925, 8477424, 8478468, 8478508, 8480748]","[8474564, 8476453, 8477992, 8478010, 8478178, 8479410]",6,6
404,13:00,07:00,1551,right,525,takeaway,453,,2,REG,82.0,-26.0,O,,,8478508.0,,,,,,,"[8474568, 8476925, 8477424, 8478468, 8478508, 8480748]","[8474564, 8476453, 8477992, 8478010, 8478178, 8479410]",6,6
309,13:00,07:00,1551,right,535,delayed-penalty,454,,2,REG,,,,,,,,,,,,,"[8474568, 8476925, 8477424, 8478468, 8478508, 8480748]","[8474564, 8476453, 8477992, 8478010, 8478178, 8479410]",6,6
163,13:07,06:53,0651,right,507,missed-shot,456,,2,REG,67.0,13.0,O,wrist,,,8480748.0,8477992.0,,,,,"[8474568, 8476925, 8477424, 8478468, 8478508, 8480748]","[8474564, 8476453, 8477992, 8478010, 8478178, 8479410]",6,6
617,13:15,06:45,0651,right,506,shot-on-goal,457,,2,REG,78.0,-2.0,O,tip-in,,,8476925.0,8477992.0,,,,,"[8474568, 8476887, 8476925, 8478468, 8478508, 8480748]","[8474564, 8476453, 8477992, 8478010, 8478178, 8479410]",6,6
621,13:18,06:42,0651,right,509,penalty,458,,2,REG,67.0,-6.0,D,,,,,,,,,,"[8474568, 8476887, 8476925, 8478468, 8478508, 8480748]","[8474564, 8476453, 8477992, 8478010, 8478178, 8479410]",6,6
405,13:18,06:42,1541,right,502,faceoff,462,,2,REG,69.0,22.0,O,,,,,,,,8475158.0,8476822.0,"[8474568, 8476887, 8476925, 8478468, 8478508, 8480748]","[8474564, 8476453, 8477992, 8478010, 8478178, 8479410]",6,6
625,13:26,06:34,1541,right,506,shot-on-goal,463,,2,REG,56.0,32.0,O,wrist,,,8476887.0,8477992.0,,,,,"[8474600, 8475158, 8475197, 8476887, 8477424, 8479996]","[8475167, 8476822, 8477353, 8477992, 8478416]",6,5
626,13:51,06:09,1541,right,508,blocked-shot,464,,2,REG,45.0,-2.0,D,,,,8475197.0,,,,,,"[8474600, 8475158, 8475197, 8476887, 8477424, 8479996]","[8475167, 8476822, 8477353, 8477992, 8478416]",6,5
628,14:06,05:54,1541,right,508,blocked-shot,466,,2,REG,73.0,-9.0,O,,,,8475197.0,,,,,,"[8474600, 8475158, 8475197, 8476887, 8477424, 8479996]","[8475167, 8477353, 8477992, 8478416, 8478519]",6,5
310,14:08,05:52,1541,right,516,stoppage,467,,2,REG,,,,,,,,,,,,,"[8474600, 8475158, 8475197, 8476887, 8477424, 8479996]","[8475167, 8477353, 8477992, 8478416, 8478519]",6,5
406,14:08,05:52,1541,right,502,faceoff,470,,2,REG,20.0,-22.0,N,,,,,,,,8476925.0,8478519.0,"[8474600, 8475158, 8475197, 8476887, 8477424, 8479996]","[8475167, 8477353, 8477992, 8478416, 8478519]",6,5
635,15:04,04:56,1541,right,507,missed-shot,474,,2,REG,74.0,16.0,O,snap,,,8482146.0,8477992.0,,,,,"[8474600, 8475197, 8476887, 8477424, 8478438, 8482146]","[8475167, 8475177, 8477992, 8478519, 8479542]",6,5
407,15:17,04:43,1541,right,525,takeaway,477,,2,REG,24.0,5.0,N,,,8478519.0,,,,,,,"[8474600, 8475197, 8476925, 8477424, 8478438, 8482146]","[8475167, 8475177, 8477992, 8478519, 8479542]",6,5
164,15:36,04:24,1551,right,507,missed-shot,481,,2,REG,42.0,11.0,O,wrist,,,8474600.0,8477992.0,,,,,"[8474600, 8476925, 8477424, 8478438, 8478851, 8482146]","[8475177, 8477992, 8478010, 8478178, 8479410, 8479542]",6,6
642,15:43,04:17,1551,right,506,shot-on-goal,483,,2,REG,60.0,-6.0,O,wrist,,,8478438.0,8477992.0,,,,,"[8474151, 8476925, 8477424, 8478438, 8478851, 8482146]","[8475177, 8477992, 8478010, 8478178, 8479410, 8479542]",6,6
311,15:45,04:15,1551,right,516,stoppage,484,,2,REG,,,,,,,,,,,,,"[8474151, 8476925, 8477424, 8478438, 8478851, 8482146]","[8475177, 8477992, 8478010, 8478178, 8479410, 8479542]",6,6
408,15:45,04:15,1551,right,502,faceoff,487,,2,REG,69.0,-22.0,D,,,,,,,,8478519.0,8475158.0,"[8474151, 8476925, 8477424, 8478438, 8478851, 8482146]","[8475177, 8477992, 8478010, 8478178, 8479410, 8479542]",6,6
165,16:15,03:45,1551,right,505,goal,490,https://wsr.nhle.com/sprites/20232024/2023020001/ev165.json,2,REG,81.0,1.0,O,tip-in,8475158.0,,,8477992.0,,,,,"[8474568, 8475158, 8476887, 8477424, 8478468, 8481704]","[8475167, 8477839, 8477992, 8478519, 8479542, 8480246]",6,6
409,16:15,03:45,1551,right,502,faceoff,493,,2,REG,0.0,0.0,N,,,,,,,,8476925.0,8477426.0,"[8474568, 8475158, 8476887, 8477424, 8478468, 8481704]","[8475167, 8477839, 8477992, 8478519, 8479542, 8480246]",6,6
312,16:37,03:23,1551,right,503,hit,494,,2,REG,-84.0,-36.0,D,,,,,,8478468.0,8479591.0,,,"[8474568, 8476925, 8477424, 8478468, 8478508, 8482062]","[8475177, 8477426, 8477992, 8478416, 8479591, 8479661]",6,6
410,16:43,03:17,1551,right,525,takeaway,495,,2,REG,-61.0,-21.0,D,,,8478508.0,,,,,,,"[8474568, 8476925, 8477424, 8478468, 8478508, 8482062]","[8475177, 8477426, 8477992, 8478416, 8479591, 8479661]",6,6
711,17:37,02:23,1551,right,506,shot-on-goal,505,,2,REG,83.0,16.0,O,wrist,,,8474679.0,8477992.0,,,,,"[8474151, 8474679, 8477424, 8478438, 8478851, 8480748]","[8474564, 8476453, 8477992, 8478010, 8478178, 8479410]",6,6
712,17:43,02:17,1551,right,507,missed-shot,506,,2,REG,38.0,-15.0,O,wrist,,,8474679.0,8477992.0,,,,,"[8474151, 8474679, 8477424, 8478438, 8478851, 8480748]","[8474564, 8476453, 8477992, 8478010, 8478178, 8479410]",6,6
713,17:45,02:15,1551,right,506,shot-on-goal,507,,2,REG,77.0,31.0,O,slap,,,8474151.0,8477992.0,,,,,"[8474151, 8474679, 8477424, 8478438, 8478851, 8480748]","[8474564, 8476453, 8477992, 8478010, 8478178, 8479410]",6,6
717,17:47,02:13,1551,right,508,blocked-shot,508,,2,REG,73.0,17.0,D,,,,8474679.0,,,,,,"[8474151, 8474679, 8477424, 8478438, 8478851, 8480748]","[8474564, 8476453, 8477992, 8478010, 8478178, 8479410]",6,6
313,17:51,02:09,1551,right,516,stoppage,509,,2,REG,,,,,,,,,,,,,"[8474151, 8474679, 8477424, 8478438, 8478851, 8480748]","[8474564, 8476453, 8477992, 8478010, 8478178, 8479410]",6,6
411,17:51,02:09,1551,right,502,faceoff,512,,2,REG,69.0,22.0,O,,,,,,,,8481704.0,8476822.0,"[8474151, 8474679, 8477424, 8478438, 8478851, 8480748]","[8474564, 8476453, 8477992, 8478010, 8478178, 8479410]",6,6
414,18:24,01:36,1551,right,504,giveaway,513,,2,REG,20.0,37.0,N,,,8482146.0,,,,,,,"[8474600, 8475197, 8477424, 8481577, 8481704, 8482146]","[8475167, 8476822, 8477992, 8479661, 8480246, 8484325]",6,6
314,18:29,01:31,1551,right,503,hit,514,,2,REG,13.0,-39.0,N,,,,,,8479661.0,8481577.0,,,"[8474600, 8475197, 8477424, 8481577, 8481704, 8482146]","[8475167, 8476822, 8477992, 8479661, 8480246, 8484325]",6,6
315,18:30,01:30,1551,right,516,stoppage,515,,2,REG,,,,,,,,,,,,,"[8474600, 8475197, 8477424, 8481577, 8481704, 8482146]","[8475167, 8476822, 8477992, 8479661, 8480246, 8484325]",6,6
415,18:30,01:30,1551,right,502,faceoff,518,,2,REG,20.0,22.0,N,,,,,,,,8474564.0,8475158.0,"[8474600, 8475197, 8477424, 8481577, 8481704, 8482146]","[8475167, 8476822, 8477992, 8479661, 8480246, 8484325]",6,6
316,18:40,01:20,1551,right,503,hit,520,,2,REG,-36.0,-41.0,D,,,,,,8474568.0,8478010.0,,,"[8474151, 8474568, 8474679, 8475158, 8476887, 8477424]","[8474564, 8476453, 8477992, 8478010, 8478178, 8479410]",6,6
722,18:41,01:19,1551,right,507,missed-shot,521,,2,REG,-82.0,-28.0,O,snap,,,8479410.0,8477424.0,,,,,"[8474151, 8474568, 8474679, 8475158, 8476887, 8477424]","[8474564, 8476453, 8477992, 8478010, 8478178, 8479410]",6,6
317,18:47,01:13,1551,right,516,stoppage,522,,2,REG,,,,,,,,,,,,,"[8474151, 8474568, 8474679, 8475158, 8476887, 8477424]","[8474564, 8476453, 8477992, 8478010, 8478178, 8479410]",6,6
416,18:47,01:13,1551,right,502,faceoff,524,,2,REG,-69.0,-22.0,O,,,,,,,,8474564.0,8475158.0,"[8474151, 8474568, 8474679, 8475158, 8476887, 8477424]","[8474564, 8476453, 8477992, 8478010, 8478178, 8479410]",6,6
725,18:49,01:11,1551,right,508,blocked-shot,525,,2,REG,-72.0,1.0,D,,,,8479410.0,,,,,,"[8474151, 8474679, 8475158, 8476887, 8477424, 8478851]","[8474564, 8476453, 8477992, 8478010, 8478178, 8479410]",6,6
417,19:06,00:54,1551,right,504,giveaway,526,,2,REG,-31.0,-25.0,O,,,8476453.0,,,,,,,"[8474151, 8474679, 8475158, 8476887, 8477424, 8478851]","[8474564, 8476453, 8477992, 8478010, 8478178, 8479410]",6,6
734,19:31,00:29,1551,right,506,shot-on-goal,534,,2,REG,70.0,19.0,O,slap,,,8482062.0,8477992.0,,,,,"[8474568, 8476925, 8477424, 8478468, 8478508, 8482062]","[8474564, 8475167, 8477992, 8478010, 8479410, 8479591]",6,6
318,19:33,00:27,1551,right,516,stoppage,535,,2,REG,,,,,,,,,,,,,"[8474568, 8476925, 8477424, 8478468, 8478508, 8482062]","[8474564, 8475167, 8477992, 8478010, 8479410, 8479591]",6,6
418,19:33,00:27,1551,right,502,faceoff,538,,2,REG,69.0,22.0,D,,,,,,,,8476822.0,8481704.0,"[8474568, 8476925, 8477424, 8478468, 8478508, 8482062]","[8474564, 8475167, 8477992, 8478010, 8479410, 8479591]",6,6
319,19:50,00:10,1551,right,503,hit,539,,2,REG,48.0,40.0,O,,,,,,8480748.0,8478416.0,,,"[8474600, 8475197, 8477424, 8480748, 8481704, 8482146]","[8475167, 8476822, 8477992, 8478416, 8478519, 8479542]",6,6
320,20:00,00:00,1551,right,521,period-end,540,,2,REG,,,,,,,,,,,,,"[8474600, 8475197, 8477424, 8480748, 8481704, 8482146]","[8475167, 8476822, 8477992, 8478416, 8478519, 8479542]",6,6
420,00:00,20:00,1551,left,520,period-start,545,,3,REG,,,,,,,,,,,,,[],[],0,0
419,00:00,20:00,1551,left,502,faceoff,548,,3,REG,0.0,0.0,N,,,,,,,,8474564.0,8475158.0,[],[],0,0
421,00:08,19:52,1551,left,525,takeaway,549,,3,REG,-29.0,17.0,O,,,8475158.0,,,,,,,"[8474151, 8475158, 8476887, 8477424, 8478851, 8481704]","[8474564, 8475167, 8476453, 8477992, 8478010, 8480246]",6,6
740,00:11,19:49,1551,left,505,goal,550,https://wsr.nhle.com/sprites/20232024/2023020001/ev740.json,3,REG,-82.0,4.0,O,wrist,8481704.0,,,8477992.0,,,,,"[8474151, 8475158, 8476887, 8477424, 8478851, 8481704]","[8474564, 8475167, 8476453, 8477992, 8478010, 8480246]",6,6
422,00:11,19:49,1551,left,502,faceoff,551,,3,REG,0.0,0.0,N,,,,,,,,8475158.0,8474564.0,"[8474151, 8475158, 8476887, 8477424, 8478851, 8481704]","[8474564, 8475167, 8476453, 8477992, 8478010, 8480246]",6,6
423,00:34,19:26,1551,left,504,giveaway,552,,3,REG,-99.0,1.0,D,,,8480246.0,,,,,,,"[8474151, 8475158, 8476887, 8477424, 8478851, 8481704]","[8474564, 8475167, 8476453, 8477992, 8478010, 8480246]",6,6
169,00:36,19:24,1551,left,506,shot-on-goal,553,,3,REG,-97.0,7.0,O,wrist,,,8475158.0,8477992.0,,,,,"[8474151, 8475158, 8476887, 8477424, 8478851, 8481704]","[8474564, 8475167, 8476453, 8477992, 8478010, 8480246]",6,6
656,00:36,19:24,1551,left,506,shot-on-goal,554,,3,REG,-83.0,1.0,O,wrist,,,8476887.0,8477992.0,,,,,"[8474151, 8475158, 8476887, 8477424, 8478851, 8481704]","[8474564, 8475167, 8476453, 8477992, 8478010, 8480246]",6,6
655,00:37,19:23,1551,left,506,shot-on-goal,555,,3,REG,-86.0,0.0,O,wrist,,,8476887.0,8477992.0,,,,,"[8474151, 8475158, 8476887, 8477424, 8478851, 8481704]","[8474564, 8475167, 8476453, 8477992, 8478010, 8480246]",6,6
743,00:37,19:23,1551,left,506,shot-on-goal,556,,3,REG,-84.0,-2.0,O,poke,,,8476887.0,8477992.0,,,,,"[8474151, 8475158, 8476887, 8477424, 8478851, 8481704]","[8474564, 8475167, 8476453, 8477992, 8478010, 8480246]",6,6
325,00:40,19:20,1551,left,516,stoppage,557,,3,REG,,,,,,,,,,,,,"[8474151, 8475158, 8476887, 8477424, 8478851, 8481704]","[8474564, 8475167, 8476453, 8477992, 8478010, 8480246]",6,6
424,00:40,19:20,1551,left,502,faceoff,560,,3,REG,-69.0,-22.0,D,,,,,,,,8478519.0,8478438.0,"[8474151, 8475158, 8476887, 8477424, 8478851, 8481704]","[8474564, 8475167, 8476453, 8477992, 8478010, 8480246]",6,6
747,00:56,19:04,1551,left,506,shot-on-goal,561,,3,REG,-39.0,12.0,O,wrist,,,8475197.0,8477992.0,,,,,"[8474600, 8475197, 8477424, 8478438, 8481577, 8482146]","[8477839, 8477992, 8478178, 8478519, 8479410, 8479542]",6,6
326,01:00,19:00,1551,left,516,stoppage,562,,3,REG,,,,,,,,,,,,,"[8474600, 8475197, 8477424, 8478438, 8481577, 8482146]","[8477839, 8477992, 8478178, 8478519, 8479410, 8479542]",6,6
425,01:00,19:00,1551,left,502,faceoff,565,,3,REG,-20.0,-22.0,N,,,,,,,,8479996.0,8476822.0,"[8474600, 8475197, 8477424, 8478438, 8481577, 8482146]","[8477839, 8477992, 8478178, 8478519, 8479410, 8479542]",6,6
756,01:17,18:43,1551,left,509,penalty,566,,3,REG,51.0,-23.0,D,,,,,,,,,,"[8474600, 8474679, 8475197, 8477424, 8479996, 8480748]","[8476822, 8477992, 8478178, 8479410, 8479661, 8484325]",6,6
426,01:17,18:43,1451,left,502,faceoff,570,,3,REG,69.0,22.0,D,,,,,,,,8476925.0,8477426.0,"[8474600, 8474679, 8475197, 8477424, 8479996, 8480748]","[8476822, 8477992, 8478178, 8479410, 8479661, 8484325]",6,6
1808,01:52,18:08,1451,left,503,hit,571,,3,REG,98.0,7.0,O,,,,,,8477426.0,8482062.0,,,"[8474151, 8476925, 8477424, 8478851, 8482062]","[8474564, 8475167, 8476453, 8477426, 8477992, 8478010]",5,6
759,01:58,18:02,1451,left,506,shot-on-goal,572,,3,REG,54.0,14.0,O,slap,,,8474564.0,8477424.0,,,,,"[8474151, 8476925, 8477424, 8478851, 8482062]","[8474564, 8475167, 8476453, 8477426, 8477992, 8478010]",5,6
760,02:16,17:44,1451,left,506,shot-on-goal,573,,3,REG,66.0,0.0,O,snap,,,8478010.0,8477424.0,,,,,"[8474151, 8476925, 8477424, 8478851, 8482062]","[8474564, 8475167, 8476453, 8477426, 8477992, 8478010]",5,6
761,02:24,17:36,1451,left,506,shot-on-goal,574,,3,REG,69.0,2.0,O,wrist,,,8477426.0,8477424.0,,,,,"[8474151, 8476925, 8477424, 8478851, 8482062]","[8474564, 8475167, 8476453, 8477426, 8477992, 8478010]",5,6
170,02:25,17:35,1451,left,505,goal,575,https://wsr.nhle.com/sprites/20232024/2023020001/ev170.json,3,REG,83.0,0.0,O,wrist,8477426.0,,,8477424.0,,,,,"[8474151, 8476925, 8477424, 8478851, 8482062]","[8474564, 8475167, 8476453, 8477426, 8477992, 8478010]",5,6
427,02:25,17:35,1551,left,502,faceoff,579,,3,REG,0.0,0.0,N,,,,,,,,8478519.0,8475158.0,"[8474151, 8476925, 8477424, 8478851, 8482062]","[8474564, 8475167, 8476453, 8477426, 8477992, 8478010]",5,6
327,02:42,17:18,1551,left,516,stoppage,580,,3,REG,,,,,,,,,,,,,"[8474568, 8475158, 8476887, 8477424, 8478468, 8481704]","[8475177, 8477839, 8477992, 8478416, 8478519, 8479542]",6,6
428,02:42,17:18,1551,left,502,faceoff,581,,3,REG,69.0,22.0,O,,,,,,,,8478519.0,8475158.0,"[8474568, 8475158, 8476887, 8477424, 8478468, 8481704]","[8475177, 8477839, 8477992, 8478416, 8478519, 8479542]",6,6
767,02:45,17:15,1551,left,507,missed-shot,582,,3,REG,44.0,-31.0,O,wrist,,,8478416.0,8477424.0,,,,,"[8474568, 8475158, 8476887, 8477424, 8478468, 8481704]","[8475177, 8477839, 8477992, 8478416, 8478519, 8479542]",6,6
773,03:06,16:54,1551,left,507,missed-shot,585,,3,REG,69.0,7.0,O,wrist,,,8479542.0,8477424.0,,,,,"[8474568, 8474679, 8477424, 8478468, 8479996, 8481704]","[8475177, 8477839, 8477992, 8478416, 8478519, 8479542]",6,6
329,03:07,16:53,1551,left,509,penalty,586,,3,REG,70.0,-7.0,D,,,,,,,,,,"[8474568, 8474679, 8477424, 8478468, 8479996, 8481704]","[8475177, 8477839, 8477992, 8478416, 8478519, 8479542]",6,6
171,03:07,16:53,1010,left,505,goal,590,https://wsr.nhle.com/sprites/20232024/2023020001/ev171.json,3,REG,71.0,7.0,O,wrist,8479542.0,,,8477424.0,,,,,"[8474568, 8474679, 8477424, 8478468, 8479996, 8481704]","[8475177, 8477839, 8477992, 8478416, 8478519, 8479542]",6,6
429,03:07,16:53,1551,left,502,faceoff,593,,3,REG,0.0,0.0,N,,,,,,,,8479996.0,8477426.0,"[8474568, 8474679, 8477424, 8478468, 8479996, 8481704]","[8475177, 8477839, 8477992, 8478416, 8478519, 8479542]",6,6
172,03:34,16:26,1551,left,516,stoppage,594,,3,REG,,,,,,,,,,,,,"[8474600, 8474679, 8475197, 8477424, 8479996, 8480748]","[8476453, 8477426, 8477992, 8478178, 8479410, 8479591]",6,6
430,03:34,16:26,1551,left,502,faceoff,597,,3,REG,-20.0,22.0,N,,,,,,,,8476822.0,8478438.0,"[8474600, 8474679, 8475197, 8477424, 8479996, 8480748]","[8476453, 8477426, 8477992, 8478178, 8479410, 8479591]",6,6
431,04:04,15:56,1551,left,504,giveaway,600,,3,REG,-45.0,-4.0,O,,,8482146.0,,,,,,,"[8474600, 8475197, 8477424, 8478438, 8481577, 8482146]","[8475167, 8476822, 8477992, 8479661, 8480246, 8484325]",6,6
432,04:11,15:49,1551,left,525,takeaway,602,,3,REG,-47.0,22.0,O,,,8478438.0,,,,,,,"[8474151, 8477424, 8478438, 8478851, 8481577, 8482146]","[8475167, 8476822, 8477992, 8479661, 8480246, 8484325]",6,6
433,04:40,15:20,1551,left,504,giveaway,609,,3,REG,-82.0,-19.0,O,,,8481577.0,,,,,,,"[8474151, 8475158, 8477424, 8478851, 8481577, 8481704]","[8474564, 8475167, 8476453, 8477992, 8478010, 8480246]",6,6
346,04:54,15:06,1551,left,516,stoppage,610,,3,REG,,,,,,,,,,,,,"[8474151, 8475158, 8477424, 8478851, 8481577, 8481704]","[8474564, 8475167, 8476453, 8477992, 8478010, 8478416]",6,6
434,04:54,15:06,1551,left,502,faceoff,612,,3,REG,69.0,22.0,O,,,,,,,,8478519.0,8475158.0,"[8474151, 8475158, 8477424, 8478851, 8481577, 8481704]","[8474564, 8475167, 8476453, 8477992, 8478010, 8478416]",6,6
788,04:57,15:03,1551,left,508,blocked-shot,613,,3,REG,62.0,-6.0,D,,,,8478416.0,,,,,,"[8474151, 8475158, 8477424, 8478851, 8481577, 8481704]","[8475177, 8477839, 8477992, 8478416, 8478519, 8479542]",6,6
347,05:33,14:27,1551,left,503,hit,620,,3,REG,82.0,-37.0,D,,,,,,8476925.0,8479542.0,,,"[8474568, 8476887, 8476925, 8477424, 8478468, 8478508]","[8477839, 8477992, 8478178, 8478519, 8479410, 8479542]",6,6
348,06:07,13:53,1551,left,503,hit,626,,3,REG,-3.0,-39.0,N,,,,,,8476822.0,8474568.0,,,"[8474568, 8474600, 8476887, 8477424, 8478508, 8479996]","[8476822, 8477992, 8478178, 8479410, 8479661, 8484325]",6,6
805,06:27,13:33,1551,left,506,shot-on-goal,632,,3,REG,38.0,-15.0,O,slap,,,8475167.0,8477424.0,,,,,"[8474600, 8474679, 8475197, 8477424, 8479996, 8480748]","[8475167, 8476822, 8477992, 8479661, 8480246, 8484325]",6,6
349,06:29,13:31,1551,left,516,stoppage,633,,3,REG,,,,,,,,,,,,,"[8474600, 8474679, 8475197, 8477424, 8479996, 8480748]","[8475167, 8476822, 8477992, 8479661, 8480246, 8484325]",6,6
435,06:29,13:31,1551,left,502,faceoff,636,,3,REG,69.0,-22.0,D,,,,,,,,8481704.0,8474564.0,"[8474600, 8474679, 8475197, 8477424, 8479996, 8480748]","[8475167, 8476822, 8477992, 8479661, 8480246, 8484325]",6,6
809,06:43,13:17,1551,left,506,shot-on-goal,637,,3,REG,39.0,-39.0,O,wrist,,,8480246.0,8477424.0,,,,,"[8474679, 8475197, 8477424, 8478468, 8479996, 8481704]","[8474564, 8475167, 8476453, 8477992, 8478010, 8480246]",6,6
350,06:51,13:09,1551,left,503,hit,639,,3,REG,-3.0,39.0,N,,,,,,8474564.0,8474679.0,,,"[8474679, 8477424, 8478468, 8478851, 8479996, 8481704]","[8474564, 8475167, 8476453, 8477992, 8478010, 8480246]",6,6
814,07:06,12:54,1551,left,509,penalty,641,,3,REG,48.0,41.0,O,,,,,,,,,,"[8474679, 8477424, 8478468, 8478851, 8479996, 8481704]","[8474564, 8475167, 8476453, 8477992, 8478010, 8478416]",6,6
436,07:06,12:54,1541,left,502,faceoff,645,,3,REG,-69.0,-22.0,D,,,,,,,,8476822.0,8475158.0,"[8474679, 8477424, 8478468, 8478851, 8479996, 8481704]","[8474564, 8475167, 8476453, 8477992, 8478010, 8478416]",6,6
818,07:33,12:27,1541,left,506,shot-on-goal,646,,3,REG,-83.0,6.0,O,backhand,,,8479996.0,8477992.0,,,,,"[8474600, 8475158, 8475197, 8476887, 8477424, 8479996]","[8476822, 8477992, 8478416, 8479410, 8484325]",6,5
851,07:35,12:25,1541,left,516,stoppage,647,,3,REG,,,,,,,,,,,,,"[8474600, 8475158, 8475197, 8476887, 8477424, 8479996]","[8476822, 8477992, 8478416, 8479410, 8484325]",6,5
437,07:35,12:25,1541,left,502,faceoff,649,,3,REG,-69.0,22.0,O,,,,,,,,8475158.0,8478519.0,"[8474600, 8475158, 8475197, 8476887, 8477424, 8479996]","[8476822, 8477992, 8478416, 8479410, 8484325]",6,5
175,08:06,11:54,1541,left,507,missed-shot,650,,3,REG,-83.0,-8.0,O,wrist,,,8479996.0,8477992.0,,,,,"[8474600, 8475158, 8475197, 8476887, 8477424, 8479996]","[8477992, 8478416, 8478519, 8479410, 8479542]",6,5
852,08:11,11:49,1541,left,503,hit,651,,3,REG,-96.0,-5.0,D,,,,,,8478416.0,8476887.0,,,"[8474600, 8475158, 8475197, 8476887, 8477424, 8479996]","[8477992, 8478416, 8478519, 8479410, 8479542]",6,5
821,08:14,11:46,1541,left,506,shot-on-goal,652,,3,REG,-40.0,8.0,O,snap,,,8475158.0,8477992.0,,,,,"[8474600, 8475158, 8475197, 8476887, 8477424, 8479996]","[8477992, 8478416, 8478519, 8479410, 8479542]",6,5
853,08:35,11:25,1541,left,503,hit,660,,3,REG,-33.0,-39.0,D,,,,,,8475177.0,8474679.0,,,"[8474679, 8477424, 8478438, 8478851, 8481577, 8482146]","[8475167, 8475177, 8476822, 8477426, 8477992]",6,5
830,08:48,11:12,1541,left,505,goal,661,https://wsr.nhle.com/sprites/20232024/2023020001/ev830.json,3,REG,-73.0,-23.0,O,wrist,8478438.0,,,8477992.0,,,,,"[8474679, 8477424, 8478438, 8478851, 8481577, 8482146]","[8475167, 8475177, 8476822, 8477426, 8477992]",6,5
438,08:48,11:12,1551,left,502,faceoff,665,,3,REG,0.0,0.0,N,,,,,,,,8476925.0,8476822.0,"[8474679, 8477424, 8478438, 8478851, 8481577, 8482146]","[8475167, 8475177, 8476822, 8477426, 8477992]",6,5
854,09:05,10:55,1551,left,503,hit,668,,3,REG,18.0,-42.0,N,,,,,,8478508.0,8484325.0,,,"[8474568, 8476925, 8477424, 8478468, 8478508, 8482062]","[8475167, 8476822, 8477992, 8479661, 8480246, 8484325]",6,6
855,09:12,10:48,1551,left,516,stoppage,669,,3,REG,,,,,,,,,,,,,"[8474568, 8476925, 8477424, 8478468, 8478508, 8482062]","[8475167, 8476822, 8477992, 8479661, 8480246, 8484325]",6,6
439,09:12,10:48,1551,left,502,faceoff,672,,3,REG,20.0,-22.0,N,,,,,,,,8476925.0,8477426.0,"[8474568, 8476925, 8477424, 8478468, 8478508, 8482062]","[8475167, 8476822, 8477992, 8479661, 8480246, 8484325]",6,6
856,09:36,10:24,1551,left,503,hit,674,,3,REG,-97.0,21.0,O,,,,,,8482062.0,8475167.0,,,"[8474568, 8476925, 8477424, 8478468, 8478508, 8482062]","[8475167, 8477426, 8477839, 8477992, 8479591, 8480246]",6,6
843,09:44,10:16,1551,left,509,penalty,675,,3,REG,39.0,-39.0,D,,,,,,,,,,"[8474568, 8476925, 8477424, 8478468, 8478508, 8482062]","[8475167, 8477426, 8477839, 8477992, 8479591, 8480246]",6,6
440,09:44,10:16,1451,left,502,faceoff,679,,3,REG,69.0,-22.0,O,,,,,,,,8474564.0,8475158.0,"[8474568, 8476925, 8477424, 8478468, 8478508, 8482062]","[8475167, 8477426, 8477839, 8477992, 8479591, 8480246]",6,6
846,09:52,10:08,1451,left,506,shot-on-goal,680,,3,REG,66.0,-23.0,O,wrist,,,8476453.0,8477424.0,,,,,"[8474151, 8474679, 8475158, 8477424, 8478851]","[8474564, 8475167, 8476453, 8477426, 8477992, 8478010]",5,6
848,10:09,09:51,1451,left,507,missed-shot,682,,3,REG,63.0,25.0,O,slap,,,8474564.0,8477424.0,,,,,"[8474151, 8474679, 8477424, 8478851, 8482062]","[8474564, 8475167, 8476453, 8477426, 8477992, 8478010]",5,6
849,10:14,09:46,1451,left,508,blocked-shot,683,,3,REG,71.0,11.0,D,,,,8474564.0,,,,,,"[8474151, 8474679, 8477424, 8478851, 8482062]","[8474564, 8475167, 8476453, 8477426, 8477992, 8478010]",5,6
1103,10:40,09:20,1451,left,506,shot-on-goal,687,,3,REG,59.0,20.0,O,wrist,,,8474564.0,8477424.0,,,,,"[8474568, 8474600, 8476925, 8477424, 8482062]","[8474564, 8476453, 8477426, 8477992, 8478010, 8479410]",5,6
177,10:49,09:11,1451,left,506,shot-on-goal,688,,3,REG,37.0,3.0,O,wrist,,,8479410.0,8477424.0,,,,,"[8474568, 8474600, 8476925, 8477424, 8482062]","[8474564, 8476453, 8477426, 8477992, 8478010, 8479410]",5,6
176,10:52,09:08,1451,left,505,goal,689,https://wsr.nhle.com/sprites/20232024/2023020001/ev176.json,3,REG,82.0,2.0,O,wrist,8477426.0,,,8477424.0,,,,,"[8474568, 8474600, 8476925, 8477424, 8482062]","[8474564, 8476453, 8477426, 8477992, 8478010, 8479410]",5,6
441,10:52,09:08,1551,left,502,faceoff,693,,3,REG,0.0,0.0,N,,,,,,,,8478519.0,8478438.0,"[8474568, 8474600, 8476925, 8477424, 8482062]","[8474564, 8476453, 8477426, 8477992, 8478010, 8479410]",5,6
1111,11:12,08:48,1551,left,509,penalty,694,,3,REG,54.0,-40.0,D,,,,,,,,,,"[8474600, 8475197, 8477424, 8478438, 8481577, 8482146]","[8477839, 8477992, 8478178, 8478519, 8479410, 8479542]",6,6
1711,11:12,08:48,1451,left,516,stoppage,696,,3,REG,,,,,,,,,,,,,"[8474600, 8475197, 8477424, 8478438, 8481577, 8482146]","[8477839, 8477992, 8478178, 8478519, 8479410, 8479542]",6,6
442,11:12,08:48,1451,left,502,faceoff,699,,3,REG,69.0,-22.0,O,,,,,,,,8474564.0,8475158.0,"[8474600, 8475197, 8477424, 8478438, 8481577, 8482146]","[8477839, 8477992, 8478178, 8478519, 8479410, 8479542]",6,6
1115,11:50,08:10,1451,left,506,shot-on-goal,701,,3,REG,-49.0,-23.0,O,wrist,,,8474151.0,8477992.0,,,,,"[8474151, 8474568, 8475158, 8477424, 8482062]","[8474564, 8475167, 8476453, 8477426, 8477992, 8478010]",5,6
1118,12:11,07:49,1451,left,507,missed-shot,703,,3,REG,55.0,0.0,O,slap,,,8475167.0,8477424.0,,,,,"[8474151, 8474568, 8476925, 8477424, 8482062]","[8474564, 8475167, 8476453, 8477426, 8477992, 8478010]",5,6
1122,12:25,07:35,1451,left,507,missed-shot,705,,3,REG,-67.0,-17.0,O,backhand,,,8476925.0,8477992.0,,,,,"[8474151, 8476925, 8477424, 8478468, 8482062]","[8474564, 8475167, 8476453, 8477426, 8477992, 8478010]",5,6
443,13:08,06:52,1451,left,525,takeaway,714,,3,REG,35.0,-32.0,D,,,8478508.0,,,,,,,"[8477424, 8478468, 8478508, 8478851, 8480748]","[8477839, 8477992, 8478519, 8479410, 8479542, 8479661]",5,6
1138,13:37,06:23,1551,left,506,shot-on-goal,724,,3,REG,66.0,-11.0,O,wrist,,,8479591.0,8477424.0,,,,,"[8474600, 8475197, 8476887, 8477424, 8479996, 8481704]","[8475177, 8476822, 8477992, 8478178, 8479591, 8479661]",6,6
444,13:58,06:02,1551,left,525,takeaway,727,,3,REG,-36.0,2.0,D,,,8479591.0,,,,,,,"[8474568, 8474600, 8476887, 8477424, 8479996, 8481704]","[8475177, 8476822, 8477992, 8478178, 8479591, 8484325]",6,6
857,14:16,05:44,1551,left,503,hit,733,,3,REG,-98.0,-1.0,D,,,,,,8478416.0,8478438.0,,,"[8474151, 8477424, 8478438, 8478851, 8481577, 8482146]","[8474564, 8475177, 8477992, 8478010, 8478416, 8484325]",6,6
858,15:03,04:57,1551,left,516,stoppage,737,,3,REG,,,,,,,,,,,,,"[8474151, 8474568, 8477424, 8478438, 8481577, 8482146]","[8474564, 8475167, 8476453, 8477992, 8478010, 8478416]",6,6
445,15:03,04:57,1551,left,502,faceoff,740,,3,REG,-69.0,-22.0,D,,,,,,,,8476822.0,8475158.0,"[8474151, 8474568, 8477424, 8478438, 8481577, 8482146]","[8474564, 8475167, 8476453, 8477992, 8478010, 8478416]",6,6
1152,15:16,04:44,1551,left,506,shot-on-goal,741,,3,REG,-34.0,-8.0,O,slap,,,8476887.0,8477992.0,,,,,"[8474600, 8474679, 8475158, 8475197, 8476887, 8477424]","[8475167, 8476822, 8477992, 8478416, 8478519, 8479542]",6,6
859,15:44,04:16,1551,left,503,hit,745,,3,REG,-24.0,-39.0,N,,,,,,8478416.0,8474600.0,,,"[8474600, 8474679, 8475197, 8477424, 8479996, 8481704]","[8477839, 8477992, 8478416, 8478519, 8479410, 8479542]",6,6
1157,15:52,04:08,1551,left,506,shot-on-goal,747,,3,REG,46.0,21.0,O,slap,,,8478178.0,8477424.0,,,,,"[8474600, 8474679, 8475197, 8477424, 8479996, 8481704]","[8477839, 8477992, 8478178, 8478519, 8479410, 8479542]",6,6
1158,15:55,04:05,1551,left,506,shot-on-goal,748,,3,REG,78.0,-12.0,O,wrist,,,8479542.0,8477424.0,,,,,"[8474600, 8474679, 8475197, 8477424, 8479996, 8481704]","[8477839, 8477992, 8478178, 8478519, 8479410, 8479542]",6,6
1160,16:08,03:52,1551,left,507,missed-shot,749,,3,REG,72.0,-10.0,O,wrist,,,8479542.0,8477424.0,,,,,"[8474600, 8474679, 8475197, 8477424, 8479996, 8481704]","[8477839, 8477992, 8478178, 8478519, 8479410, 8479542]",6,6
860,16:11,03:49,1551,left,516,stoppage,750,,3,REG,,,,,,,,,,,,,"[8474600, 8474679, 8475197, 8477424, 8479996, 8481704]","[8477839, 8477992, 8478178, 8478519, 8479410, 8479542]",6,6
446,16:11,03:49,1551,left,502,faceoff,753,,3,REG,69.0,-22.0,D,,,,,,,,8476925.0,8477426.0,"[8474600, 8474679, 8475197, 8477424, 8479996, 8481704]","[8477839, 8477992, 8478178, 8478519, 8479410, 8479542]",6,6
861,16:16,03:44,1551,left,516,stoppage,754,,3,REG,,,,,,,,,,,,,"[8474151, 8476925, 8477424, 8478508, 8478851, 8482062]","[8477426, 8477839, 8477992, 8478178, 8479410, 8479591]",6,6
447,16:16,03:44,1551,left,502,faceoff,755,,3,REG,69.0,22.0,O,,,,,,,,8477426.0,8476925.0,"[8474151, 8476925, 8477424, 8478508, 8478851, 8482062]","[8477426, 8477839, 8477992, 8478178, 8479410, 8479591]",6,6
1164,16:19,03:41,1551,left,506,shot-on-goal,756,,3,REG,42.0,-21.0,O,slap,,,8479410.0,8477424.0,,,,,"[8474151, 8476925, 8477424, 8478508, 8478851, 8482062]","[8477426, 8477839, 8477992, 8478178, 8479410, 8479591]",6,6
1166,16:44,03:16,1551,left,507,missed-shot,758,,3,REG,-76.0,5.0,O,wrist,,,8478438.0,8477992.0,,,,,"[8474151, 8476925, 8477424, 8478438, 8478508, 8478851]","[8477426, 8477839, 8477992, 8478178, 8479410, 8479591]",6,6
1167,16:48,03:12,1551,left,506,shot-on-goal,759,,3,REG,-40.0,-27.0,O,slap,,,8476925.0,8477992.0,,,,,"[8474151, 8476925, 8477424, 8478438, 8478508, 8478851]","[8477426, 8477839, 8477992, 8478178, 8479410, 8479591]",6,6
448,16:59,03:01,1551,left,525,takeaway,761,,3,REG,-10.0,-26.0,N,,,8479591.0,,,,,,,"[8474151, 8476925, 8477424, 8478438, 8478508, 8478851]","[8477426, 8477839, 8477992, 8478178, 8479410, 8479591]",6,6
449,17:17,02:43,1551,left,504,giveaway,768,,3,REG,-37.0,11.0,O,,,8475158.0,,,,,,,"[8474600, 8475158, 8475197, 8476887, 8477424, 8478438]","[8475167, 8476453, 8477992, 8478010, 8478416, 8479542]",6,6
1175,17:21,02:39,1551,left,506,shot-on-goal,769,,3,REG,62.0,22.0,O,wrist,,,8479542.0,8477424.0,,,,,"[8474600, 8475158, 8475197, 8476887, 8477424, 8478438]","[8475167, 8476453, 8477992, 8478010, 8478416, 8479542]",6,6
1176,17:26,02:34,1551,left,507,missed-shot,770,,3,REG,73.0,12.0,O,wrist,,,8475167.0,8477424.0,,,,,"[8474600, 8475158, 8475197, 8476887, 8477424, 8478438]","[8475167, 8476453, 8477992, 8478010, 8478416, 8479542]",6,6
1178,17:38,02:22,0651,left,508,blocked-shot,772,,3,REG,-79.0,-1.0,D,,,,8476887.0,,,,,,"[8474600, 8474679, 8475158, 8475197, 8476887, 8481704]","[8475167, 8476453, 8477992, 8478010, 8478416, 8479542]",6,6
1809,17:49,02:11,0651,left,503,hit,773,,3,REG,-86.0,-37.0,D,,,,,,8476453.0,8474600.0,,,"[8474600, 8474679, 8475158, 8475197, 8476887, 8481704]","[8475167, 8476453, 8477992, 8478010, 8478416, 8479542]",6,6
862,17:53,02:07,0651,left,503,hit,774,,3,REG,-74.0,-39.0,D,,,,,,8476453.0,8474600.0,,,"[8474600, 8474679, 8475158, 8475197, 8476887, 8481704]","[8475167, 8476453, 8477992, 8478010, 8478416, 8479542]",6,6
1179,18:11,01:49,0651,left,506,shot-on-goal,775,,3,REG,-82.0,-20.0,O,wrist,,,8476887.0,8477992.0,,,,,"[8474600, 8474679, 8475158, 8475197, 8476887, 8481704]","[8475167, 8476453, 8477992, 8478010, 8478416, 8479542]",6,6
1180,18:12,01:48,0651,left,506,shot-on-goal,776,,3,REG,-86.0,-7.0,O,poke,,,8481704.0,8477992.0,,,,,"[8474600, 8474679, 8475158, 8475197, 8476887, 8481704]","[8475167, 8476453, 8477992, 8478010, 8478416, 8479542]",6,6
863,18:22,01:38,0651,left,516,stoppage,777,,3,REG,,,,,,,,,,,,,"[8474600, 8474679, 8475158, 8475197, 8476887, 8481704]","[8475167, 8476453, 8477992, 8478010, 8478416, 8479542]",6,6
864,18:22,01:38,0651,left,516,stoppage,778,,3,REG,,,,,,,,,,,,,"[8474600, 8474679, 8475158, 8475197, 8476887, 8481704]","[8475167, 8476453, 8477992, 8478010, 8478416, 8479542]",6,6
450,18:22,01:38,0651,left,502,faceoff,780,,3,REG,-69.0,-22.0,O,,,,,,,,8475158.0,8478010.0,"[8474600, 8474679, 8475158, 8475197, 8476887, 8481704]","[8475167, 8476453, 8477992, 8478010, 8478416, 8479542]",6,6
1184,18:25,01:35,0651,left,506,shot-on-goal,781,,3,REG,-40.0,20.0,O,slap,,,8474600.0,8477992.0,,,,,"[8474600, 8475158, 8475197, 8476887, 8478438, 8479996]","[8475167, 8476453, 8477992, 8478010, 8478416, 8479542]",6,6
865,18:27,01:33,0651,left,516,stoppage,782,,3,REG,,,,,,,,,,,,,"[8474600, 8475158, 8475197, 8476887, 8478438, 8479996]","[8475167, 8476453, 8477992, 8478010, 8478416, 8479542]",6,6
951,18:27,01:33,0651,left,502,faceoff,784,,3,REG,-69.0,22.0,D,,,,,,,,8478519.0,8475158.0,"[8474600, 8475158, 8475197, 8476887, 8478438, 8479996]","[8475167, 8476453, 8477992, 8478010, 8478416, 8479542]",6,6
866,18:32,01:28,0651,left,516,stoppage,785,,3,REG,,,,,,,,,,,,,"[8474600, 8475158, 8475197, 8476887, 8478438, 8479996]","[8474564, 8475167, 8476822, 8477992, 8478416, 8478519]",6,6
952,18:32,01:28,0651,left,502,faceoff,786,,3,REG,-69.0,-22.0,D,,,,,,,,8476822.0,8475158.0,"[8474600, 8475158, 8475197, 8476887, 8478438, 8479996]","[8474564, 8475167, 8476822, 8477992, 8478416, 8478519]",6,6
1188,18:41,01:19,0651,left,507,missed-shot,787,,3,REG,-41.0,26.0,O,snap,,,8474600.0,8477992.0,,,,,"[8474600, 8475158, 8475197, 8476887, 8478438, 8479996]","[8474564, 8475167, 8476822, 8477992, 8478416, 8478519]",6,6
1189,18:45,01:15,0651,left,507,missed-shot,788,,3,REG,-71.0,-16.0,O,wrist,,,8475158.0,8477992.0,,,,,"[8474600, 8475158, 8475197, 8476887, 8478438, 8479996]","[8474564, 8475167, 8476822, 8477992, 8478416, 8478519]",6,6
178,18:54,01:06,0651,left,507,missed-shot,789,,3,REG,-69.0,-14.0,O,snap,,,8475158.0,8477992.0,,,,,"[8474600, 8475158, 8475197, 8476887, 8478438, 8479996]","[8474564, 8475167, 8476822, 8477992, 8478416, 8478519]",6,6
1190,19:10,00:50,0651,left,507,missed-shot,790,,3,REG,-29.0,-38.0,O,snap,,,8474600.0,8477992.0,,,,,"[8474600, 8475158, 8475197, 8476887, 8478438, 8479996]","[8474564, 8475167, 8476822, 8477992, 8478416, 8478519]",6,6
867,19:24,00:36,0651,left,516,stoppage,791,,3,REG,,,,,,,,,,,,,"[8474600, 8475158, 8475197, 8476887, 8478438, 8479996]","[8474564, 8475167, 8476822, 8477992, 8478416, 8478519]",6,6
953,19:24,00:36,0651,left,502,faceoff,794,,3,REG,-69.0,22.0,D,,,,,,,,8477426.0,8476925.0,"[8474600, 8475158, 8475197, 8476887, 8478438, 8479996]","[8474564, 8475167, 8476822, 8477992, 8478416, 8478519]",6,6
1194,19:34,00:26,0651,left,508,blocked-shot,795,,3,REG,77.0,-16.0,D,,,,8477426.0,,,,,,"[8474600, 8475158, 8475197, 8476887, 8476925, 8478438]","[8476453, 8477426, 8477992, 8478010, 8478178, 8479410]",6,6
1195,19:48,00:12,0651,left,506,shot-on-goal,796,,3,REG,-40.0,-28.0,O,slap,,,8478438.0,8477992.0,,,,,"[8474600, 8475158, 8475197, 8476887, 8476925, 8478438]","[8476453, 8477426, 8477992, 8478010, 8478178, 8479410]",6,6
179,19:58,00:02,0651,left,505,goal,797,https://wsr.nhle.com/sprites/20232024/2023020001/ev179.json,3,REG,61.0,4.0,O,wrist,8476453.0,,,,,,,,"[8474600, 8475158, 8475197, 8476887, 8476925, 8478438]","[8476453, 8477426, 8477992, 8478010, 8478178, 8479410]",6,6
954,19:58,00:02,1551,left,502,faceoff,800,,3,REG,0.0,0.0,N,,,,,,,,8476822.0,8481704.0,"[8474600, 8475158, 8475197, 8476887, 8476925, 8478438]","[8476453, 8477426, 8477992, 8478010, 8478178, 8479410]",6,6
868,20:00,00:00,1551,left,521,period-end,801,,3,REG,,,,,,,,,,,,,"[8477424, 8478468, 8478851, 8481577, 8481704, 8482146]","[8476822, 8477839, 8477992, 8478178, 8479410, 8479591]",6,6
872,20:00,00:00,1551,left,524,game-end,805,,3,REG,,,,,,,,,,,,,"[8477424, 8478468, 8478851, 8481577, 8481704, 8482146]","[8476822, 8477839, 8477992, 8478178, 8479410, 8479591]",6,6
